-- phpMyAdmin SQL Dump
-- version 3.5.8.2
-- http://www.phpmyadmin.net
--
-- Client: localhost
-- Généré le: Mar 25 Décembre 2018 à 14:06
-- Version du serveur: 5.6.29
-- Version de PHP: 5.5.38

SET SQL_MODE="NO_AUTO_VALUE_ON_ZERO";
SET time_zone = "+00:00";


/*!40101 SET @OLD_CHARACTER_SET_CLIENT=@@CHARACTER_SET_CLIENT */;
/*!40101 SET @OLD_CHARACTER_SET_RESULTS=@@CHARACTER_SET_RESULTS */;
/*!40101 SET @OLD_COLLATION_CONNECTION=@@COLLATION_CONNECTION */;
/*!40101 SET NAMES utf8 */;

--
-- Base de données: `design_mphanh`
--

-- --------------------------------------------------------

--
-- Structure de la table `counter`
--

CREATE TABLE IF NOT EXISTS `counter` (
  `id` int(11) NOT NULL AUTO_INCREMENT,
  `tm` int(11) NOT NULL,
  `ip` varchar(16) COLLATE utf8_unicode_ci NOT NULL DEFAULT '0.0.0.0',
  PRIMARY KEY (`id`)
) ENGINE=MyISAM  DEFAULT CHARSET=utf8 COLLATE=utf8_unicode_ci AUTO_INCREMENT=461 ;

--
-- Contenu de la table `counter`
--

INSERT INTO `counter` (`id`, `tm`, `ip`) VALUES
(1, 1537516184, '::1'),
(2, 1537517558, '::1'),
(3, 1537518549, '::1'),
(4, 1537519765, '::1'),
(5, 1537839746, '::1'),
(6, 1537844408, '::1'),
(7, 1537852181, '::1'),
(8, 1537853198, '::1'),
(9, 1537854260, '::1'),
(10, 1537855393, '::1'),
(11, 1537856608, '::1'),
(12, 1537857600, '::1'),
(13, 1537858717, '::1'),
(14, 1537859053, '113.161.89.144'),
(15, 1537877601, '27.75.44.132'),
(16, 1537879590, '::1'),
(17, 1537880823, '::1'),
(18, 1537882917, '::1'),
(19, 1537883837, '::1'),
(20, 1537884801, '::1'),
(21, 1537885761, '::1'),
(22, 1537886683, '::1'),
(23, 1537887596, '::1'),
(24, 1537888496, '::1'),
(25, 1537889457, '27.75.44.132'),
(26, 1537899407, '123.21.161.145'),
(27, 1537928861, '58.187.175.5'),
(28, 1537929813, '58.187.175.5'),
(29, 1537931304, '58.187.175.5'),
(30, 1537932434, '58.187.175.5'),
(31, 1537934379, '58.187.175.5'),
(32, 1537935302, '58.187.175.5'),
(33, 1537936334, '58.187.175.5'),
(34, 1537937982, '58.187.175.5'),
(35, 1537938214, '27.64.44.243'),
(36, 1537938988, '113.161.89.144'),
(37, 1537939407, '58.187.175.5'),
(38, 1537940309, '58.187.175.5'),
(39, 1537941623, '27.68.133.131'),
(40, 1537942946, '113.161.89.144'),
(41, 1538049130, '::1'),
(42, 1538050131, '::1'),
(43, 1538051068, '::1'),
(44, 1538052211, '::1'),
(45, 1538053308, '::1'),
(46, 1538054291, '::1'),
(47, 1538055198, '::1'),
(48, 1538056163, '::1'),
(49, 1538057160, '::1'),
(50, 1538058105, '::1'),
(51, 1538061248, '::1'),
(52, 1538062159, '::1'),
(53, 1538063263, '::1'),
(54, 1538064173, '::1'),
(55, 1538065074, '::1'),
(56, 1538065982, '::1'),
(57, 1538309130, '::1'),
(58, 1538310944, '::1'),
(59, 1538312823, '::1'),
(60, 1538316086, '::1'),
(61, 1538317256, '::1'),
(62, 1538318310, '::1'),
(63, 1538319752, '::1'),
(64, 1538367430, '113.161.89.144'),
(65, 1538368399, '113.161.89.144'),
(66, 1538369310, '113.161.89.144'),
(67, 1538370217, '113.161.89.144'),
(68, 1538370426, '66.220.149.14'),
(69, 1538371012, '66.220.149.5'),
(70, 1538371110, '66.220.149.10'),
(71, 1538371148, '113.161.89.144'),
(72, 1538371151, '66.220.149.20'),
(73, 1538372871, '113.161.89.144'),
(74, 1538374507, '113.161.89.144'),
(75, 1538379910, '113.161.89.144'),
(76, 1538380832, '113.161.89.144'),
(77, 1538381759, '113.161.89.144'),
(78, 1538382710, '113.161.89.144'),
(79, 1538383613, '113.161.89.144'),
(80, 1538384627, '113.161.89.144'),
(81, 1538386877, '113.161.89.144'),
(82, 1538397431, '27.75.44.132'),
(83, 1538398519, '27.75.44.132'),
(84, 1538400600, '27.75.44.132'),
(85, 1538460167, '113.161.89.144'),
(86, 1538461465, '113.161.89.144'),
(87, 1538462435, '113.161.89.144'),
(88, 1538463712, '113.161.89.144'),
(89, 1538564229, '27.75.44.132'),
(90, 1538565379, '27.75.44.132'),
(91, 1538883754, '171.249.197.26'),
(92, 1539054668, '113.161.89.144'),
(93, 1539088148, '171.249.197.26'),
(94, 1539089072, '171.249.197.26'),
(95, 1539588995, '113.161.89.144'),
(96, 1539589896, '113.161.89.144'),
(97, 1541853583, '171.248.169.126'),
(98, 1541855459, '::1'),
(99, 1541856423, '::1'),
(100, 1541858005, '::1'),
(101, 1541858932, '::1'),
(102, 1541860182, '::1'),
(103, 1541931381, '::1'),
(104, 1541932855, '::1'),
(105, 1541935190, '::1'),
(106, 1541936105, '::1'),
(107, 1541937868, '::1'),
(108, 1541938779, '::1'),
(109, 1541939800, '::1'),
(110, 1541940737, '::1'),
(111, 1541942413, '::1'),
(112, 1541944119, '::1'),
(113, 1541945048, '::1'),
(114, 1541946135, '::1'),
(115, 1541947044, '::1'),
(116, 1541947951, '::1'),
(117, 1542029114, '::1'),
(118, 1542030650, '::1'),
(119, 1542031713, '::1'),
(120, 1542032650, '::1'),
(121, 1542034325, '::1'),
(122, 1542035241, '::1'),
(123, 1542036731, '::1'),
(124, 1542037720, '::1'),
(125, 1542038883, '::1'),
(126, 1542071484, '::1'),
(127, 1542072834, '::1'),
(128, 1542075437, '::1'),
(129, 1542076854, '::1'),
(130, 1542077759, '::1'),
(131, 1542078662, '::1'),
(132, 1542079599, '::1'),
(133, 1542080871, '::1'),
(134, 1542081845, '::1'),
(135, 1542082829, '::1'),
(136, 1542121306, '::1'),
(137, 1542122313, '::1'),
(138, 1542123345, '::1'),
(139, 1542124442, '::1'),
(140, 1542125444, '::1'),
(141, 1542126370, '::1'),
(142, 1542127723, '::1'),
(143, 1542128769, '::1'),
(144, 1542129735, '::1'),
(145, 1542299170, '::1'),
(146, 1542784495, '113.161.89.144'),
(147, 1542786107, '113.161.89.144'),
(148, 1542787014, '113.161.89.144'),
(149, 1542787929, '113.161.89.144'),
(150, 1542788954, '113.161.89.144'),
(151, 1542790051, '113.161.89.144'),
(152, 1542791358, '113.161.89.144'),
(153, 1542792272, '113.161.89.144'),
(154, 1542794285, '113.161.89.144'),
(155, 1542802912, '171.249.180.179'),
(156, 1542803884, '171.249.180.179'),
(157, 1542804990, '171.249.180.179'),
(158, 1542805978, '171.249.180.179'),
(159, 1542807144, '171.249.180.179'),
(160, 1542808124, '171.249.180.179'),
(161, 1542809040, '171.249.180.179'),
(162, 1542809963, '171.249.180.179'),
(163, 1542811964, '171.249.180.179'),
(164, 1542812966, '171.249.180.179'),
(165, 1542814083, '171.249.180.179'),
(166, 1542815695, '171.249.180.179'),
(167, 1542817180, '171.249.180.179'),
(168, 1542818159, '171.249.180.179'),
(169, 1542819105, '171.249.180.179'),
(170, 1542820071, '171.249.180.179'),
(171, 1542821034, '171.249.180.179'),
(172, 1542821882, '173.252.87.7'),
(173, 1542821885, '173.252.87.10'),
(174, 1542851628, '113.161.89.144'),
(175, 1542852050, '173.252.95.35'),
(176, 1542852052, '173.252.95.22'),
(177, 1542852895, '113.161.89.144'),
(178, 1542852898, '173.252.95.28'),
(179, 1542853758, '173.252.95.25'),
(180, 1542853916, '113.161.89.144'),
(181, 1542854835, '113.161.89.144'),
(182, 1542855082, '173.252.95.20'),
(183, 1542855084, '173.252.95.4'),
(184, 1542855084, '173.252.95.26'),
(185, 1542855198, '173.252.95.12'),
(186, 1542855200, '173.252.95.24'),
(187, 1542855200, '173.252.95.17'),
(188, 1542855741, '113.161.89.144'),
(189, 1542855908, '173.252.95.2'),
(190, 1542856007, '173.252.127.10'),
(191, 1542856643, '113.161.89.144'),
(192, 1542856658, '173.252.95.9'),
(193, 1542856660, '173.252.95.4'),
(194, 1542856661, '173.252.95.14'),
(195, 1542859069, '31.13.115.15'),
(196, 1542876745, '113.161.89.144'),
(197, 1542876784, '173.252.95.16'),
(198, 1542878028, '113.161.89.144'),
(199, 1542878954, '113.161.89.144'),
(200, 1542879868, '113.161.89.144'),
(201, 1542879916, '173.252.95.31'),
(202, 1542879918, '173.252.95.34'),
(203, 1542879918, '173.252.95.3'),
(204, 1542879935, '173.252.95.29'),
(205, 1542879937, '173.252.95.20'),
(206, 1542879938, '173.252.95.28'),
(207, 1542887227, '171.249.180.179'),
(208, 1542887263, '69.171.251.36'),
(209, 1542887288, '69.171.251.12'),
(210, 1542887305, '173.252.87.8'),
(211, 1542888242, '171.249.180.179'),
(212, 1542889220, '171.249.180.179'),
(213, 1542890336, '171.249.180.179'),
(214, 1542892505, '171.249.180.179'),
(215, 1542894695, '171.249.180.179'),
(216, 1542895767, '171.249.180.179'),
(217, 1542896792, '171.249.180.179'),
(218, 1542897802, '171.249.180.179'),
(219, 1542898712, '171.249.180.179'),
(220, 1542899729, '171.249.180.179'),
(221, 1542900906, '171.249.180.179'),
(222, 1542902954, '171.249.180.179'),
(223, 1542903959, '171.249.180.179'),
(224, 1542904871, '171.249.180.179'),
(225, 1542937093, '113.161.89.144'),
(226, 1542938113, '113.161.89.144'),
(227, 1542939231, '113.161.89.144'),
(228, 1542940868, '113.161.89.144'),
(229, 1542941877, '113.161.89.144'),
(230, 1542942861, '113.161.89.144'),
(231, 1542944861, '113.161.89.144'),
(232, 1542945865, '113.161.89.144'),
(233, 1542955003, '113.161.89.144'),
(234, 1542955917, '113.161.89.144'),
(235, 1542956232, '173.252.95.20'),
(236, 1542956234, '173.252.95.15'),
(237, 1542956270, '173.252.95.16'),
(238, 1542956273, '173.252.95.34'),
(239, 1542956273, '173.252.95.27'),
(240, 1542956833, '113.161.89.144'),
(241, 1542957860, '113.161.89.144'),
(242, 1542958775, '113.161.89.144'),
(243, 1542959854, '113.161.89.144'),
(244, 1542960868, '113.161.89.144'),
(245, 1542966616, '113.161.89.144'),
(246, 1542967534, '113.161.89.144'),
(247, 1542970089, '27.78.240.145'),
(248, 1542973010, '27.78.240.145'),
(249, 1542975684, '27.78.240.145'),
(250, 1542975686, '66.220.149.40'),
(251, 1542975688, '66.220.149.36'),
(252, 1542975688, '66.220.149.33'),
(253, 1542978929, '123.21.73.174'),
(254, 1542979887, '123.21.73.174'),
(255, 1542980230, '120.138.68.219'),
(256, 1542980381, '112.197.33.112'),
(257, 1542982108, '171.226.4.238'),
(258, 1542986607, '123.21.73.174'),
(259, 1542986774, '171.226.4.238'),
(260, 1542987176, '116.100.175.89'),
(261, 1542988152, '112.197.33.112'),
(262, 1543024046, '115.79.40.241'),
(263, 1543027453, '115.79.40.241'),
(264, 1543028864, '115.79.40.241'),
(265, 1543029796, '115.79.40.241'),
(266, 1543031445, '115.79.40.241'),
(267, 1543037981, '115.79.40.241'),
(268, 1543061138, '112.197.33.112'),
(269, 1543062597, '112.197.33.112'),
(270, 1543063751, '112.197.33.112'),
(271, 1543065155, '112.197.33.112'),
(272, 1543065953, '66.220.149.17'),
(273, 1543065955, '66.220.149.24'),
(274, 1543066413, '112.197.33.112'),
(275, 1543066745, '123.21.73.174'),
(276, 1543067081, '42.112.227.124'),
(277, 1543068390, '112.197.33.112'),
(278, 1543068858, '123.21.73.174'),
(279, 1543070341, '123.21.73.174'),
(280, 1543070367, '66.220.149.36'),
(281, 1543074573, '112.197.33.112'),
(282, 1543078072, '103.199.32.180'),
(283, 1543113376, '27.2.143.59'),
(284, 1543113824, '173.252.95.14'),
(285, 1543113826, '173.252.95.1'),
(286, 1543113826, '173.252.95.11'),
(287, 1543114483, '27.2.143.59'),
(288, 1543116273, '103.199.32.137'),
(289, 1543135645, '64.233.173.38'),
(290, 1543148459, '27.75.228.69'),
(291, 1543155143, '27.78.240.145'),
(292, 1543156271, '27.78.240.145'),
(293, 1543159322, '27.78.240.145'),
(294, 1543197396, '14.186.167.18'),
(295, 1543199250, '14.186.167.18'),
(296, 1543241553, '27.78.240.145'),
(297, 1543242838, '27.78.240.145'),
(298, 1543243780, '27.78.240.145'),
(299, 1543244831, '27.78.240.145'),
(300, 1543246206, '27.78.240.145'),
(301, 1543248687, '27.78.240.145'),
(302, 1543319708, '27.78.240.145'),
(303, 1543321812, '27.78.240.145'),
(304, 1543324327, '27.78.240.145'),
(305, 1543325335, '27.78.240.145'),
(306, 1543327563, '27.78.240.145'),
(307, 1543328506, '27.78.240.145'),
(308, 1543329861, '27.78.240.145'),
(309, 1543330962, '27.78.240.145'),
(310, 1543332041, '27.78.240.145'),
(311, 1543333008, '27.78.240.145'),
(312, 1543333943, '27.78.240.145'),
(313, 1543335145, '27.78.240.145'),
(314, 1543384454, '113.161.89.144'),
(315, 1543384767, '173.252.95.24'),
(316, 1543384769, '173.252.95.6'),
(317, 1543384769, '173.252.95.23'),
(318, 1543385146, '173.252.95.10'),
(319, 1543385173, '31.13.115.19'),
(320, 1543385400, '113.161.89.144'),
(321, 1543386183, '173.252.95.3'),
(322, 1543386185, '173.252.95.13'),
(323, 1543386185, '173.252.95.36'),
(324, 1543386709, '113.161.89.144'),
(325, 1543386727, '69.171.251.22'),
(326, 1543386729, '69.171.251.6'),
(327, 1543386729, '69.171.251.32'),
(328, 1543386974, '173.252.95.6'),
(329, 1543386992, '31.13.115.6'),
(330, 1543387489, '173.252.95.24'),
(331, 1543387491, '173.252.95.11'),
(332, 1543387491, '173.252.95.25'),
(333, 1543387632, '113.161.89.144'),
(334, 1543388449, '173.252.95.9'),
(335, 1543388461, '69.171.251.30'),
(336, 1543388801, '113.161.89.144'),
(337, 1543389961, '31.13.115.3'),
(338, 1543389972, '69.171.251.3'),
(339, 1543390240, '113.161.89.144'),
(340, 1543390538, '173.252.95.8'),
(341, 1543390794, '66.220.149.31'),
(342, 1543391288, '113.161.89.144'),
(343, 1543391471, '173.252.95.26'),
(344, 1543391487, '31.13.115.4'),
(345, 1543394755, '115.79.40.241'),
(346, 1543394771, '120.138.68.219'),
(347, 1543395694, '115.79.40.241'),
(348, 1543396671, '115.79.40.241'),
(349, 1543397583, '115.79.40.241'),
(350, 1543397886, '27.78.73.159'),
(351, 1543398314, '66.220.149.31'),
(352, 1543398334, '31.13.115.13'),
(353, 1543398535, '27.75.228.69'),
(354, 1543398638, '115.79.40.241'),
(355, 1543415235, '171.226.4.238'),
(356, 1543416175, '171.226.4.238'),
(357, 1543417253, '171.226.4.238'),
(358, 1543417694, '103.199.56.233'),
(359, 1543417979, '66.220.149.10'),
(360, 1543417981, '66.220.149.21'),
(361, 1543418182, '171.226.4.238'),
(362, 1543418194, '66.220.149.30'),
(363, 1543418200, '66.220.149.16'),
(364, 1543418209, '66.220.149.39'),
(365, 1543418211, '66.220.149.32'),
(366, 1543418537, '27.78.240.145'),
(367, 1543418632, '66.220.149.22'),
(368, 1543418658, '31.13.127.20'),
(369, 1543419152, '171.226.4.238'),
(370, 1543419684, '66.220.149.27'),
(371, 1543419686, '66.220.149.34'),
(372, 1543419686, '66.220.149.8'),
(373, 1543419696, '66.220.149.1'),
(374, 1543419697, '66.220.149.35'),
(375, 1543419698, '66.220.149.20'),
(376, 1543420059, '171.226.4.238'),
(377, 1543428671, '69.171.251.23'),
(378, 1543428678, '173.252.87.8'),
(379, 1543455722, '115.79.40.241'),
(380, 1543455866, '66.220.149.30'),
(381, 1543455881, '31.13.115.10'),
(382, 1543456379, '66.220.149.34'),
(383, 1543456696, '115.79.40.241'),
(384, 1543457477, '113.161.89.144'),
(385, 1543457597, '115.79.40.241'),
(386, 1543458509, '115.79.40.241'),
(387, 1543462068, '115.79.40.241'),
(388, 1543463096, '115.79.40.241'),
(389, 1543500549, '27.74.138.214'),
(390, 1543501113, '66.220.149.37'),
(391, 1543501115, '66.220.149.35'),
(392, 1543501115, '66.220.149.9'),
(393, 1543502168, '27.74.138.214'),
(394, 1543502194, '66.220.149.8'),
(395, 1543502195, '66.220.149.20'),
(396, 1543502195, '66.220.149.25'),
(397, 1543503264, '171.248.186.223'),
(398, 1543503979, '27.74.138.214'),
(399, 1543503999, '66.220.149.27'),
(400, 1543504026, '69.171.251.18'),
(401, 1543504186, '66.220.149.20'),
(402, 1543504187, '66.220.149.26'),
(403, 1543504642, '171.248.186.223'),
(404, 1543504909, '27.74.138.214'),
(405, 1543505862, '27.74.138.214'),
(406, 1543507327, '27.74.138.214'),
(407, 1543543422, '115.79.40.241'),
(408, 1543547154, '27.68.133.131'),
(409, 1543818282, '113.161.89.144'),
(410, 1543841452, '171.248.186.223'),
(411, 1543916413, '14.186.216.95'),
(412, 1544169471, '113.161.89.144'),
(413, 1544412824, '115.79.40.241'),
(414, 1544413534, '66.220.149.23'),
(415, 1544413535, '66.220.149.15'),
(416, 1544414497, '115.79.40.241'),
(417, 1544417298, '103.199.56.8'),
(418, 1544417353, '173.252.87.15'),
(419, 1544417355, '173.252.87.5'),
(420, 1544417415, '173.252.95.20'),
(421, 1544417416, '173.252.95.17'),
(422, 1544417417, '173.252.95.21'),
(423, 1544417436, '173.252.127.19'),
(424, 1544417461, '173.252.95.12'),
(425, 1544417463, '173.252.95.37'),
(426, 1544417463, '173.252.95.29'),
(427, 1544420762, '69.171.251.9'),
(428, 1544420769, '173.252.95.20'),
(429, 1544420778, '173.252.95.28'),
(430, 1544420778, '173.252.95.37'),
(431, 1545572201, '27.78.248.88'),
(432, 1545643284, '113.161.89.144'),
(433, 1545644296, '113.161.89.144'),
(434, 1545645038, '173.252.95.37'),
(435, 1545645040, '173.252.95.1'),
(436, 1545645040, '173.252.95.28'),
(437, 1545645201, '113.161.89.144'),
(438, 1545663146, '27.78.248.88'),
(439, 1545664084, '27.78.248.88'),
(440, 1545665283, '27.78.248.88'),
(441, 1545667420, '27.78.248.88'),
(442, 1545708979, '113.161.89.144'),
(443, 1545709933, '113.161.89.144'),
(444, 1545710862, '113.161.89.144'),
(445, 1545710901, '173.252.95.23'),
(446, 1545710903, '173.252.95.36'),
(447, 1545710903, '173.252.95.38'),
(448, 1545711283, '173.252.95.34'),
(449, 1545711285, '173.252.95.1'),
(450, 1545711585, '173.252.95.19'),
(451, 1545717799, '113.161.89.144'),
(452, 1545718296, '173.252.95.10'),
(453, 1545718844, '113.161.89.144'),
(454, 1545718846, '173.252.95.23'),
(455, 1545719754, '113.161.89.144'),
(456, 1545721000, '113.161.89.144'),
(457, 1545746201, '27.78.248.88'),
(458, 1545746525, '66.220.149.18'),
(459, 1545746530, '66.220.149.2'),
(460, 1545746531, '66.220.149.35');

-- --------------------------------------------------------

--
-- Structure de la table `table_album`
--

CREATE TABLE IF NOT EXISTS `table_album` (
  `id` int(10) unsigned NOT NULL AUTO_INCREMENT,
  `id_list` int(11) NOT NULL,
  `noibat` int(11) NOT NULL,
  `top_nb` tinyint(2) NOT NULL,
  `type` varchar(100) NOT NULL,
  `photo` varchar(225) NOT NULL,
  `thumb` varchar(225) NOT NULL,
  `ten_vi` varchar(100) CHARACTER SET utf8 COLLATE utf8_unicode_ci NOT NULL,
  `tenkhongdau` varchar(255) NOT NULL,
  `title` varchar(255) NOT NULL,
  `keywords` varchar(1024) NOT NULL,
  `description` varchar(1024) NOT NULL,
  `mota_vi` text NOT NULL,
  `noidung_vi` text NOT NULL,
  `ten_en` varchar(255) NOT NULL,
  `mota_en` text NOT NULL,
  `noidung_en` text NOT NULL,
  `stt` int(10) unsigned NOT NULL DEFAULT '1',
  `hienthi` tinyint(1) NOT NULL DEFAULT '1',
  `ngaytao` int(11) NOT NULL,
  `ngaysua` int(11) NOT NULL,
  `luotxem` int(11) NOT NULL,
  PRIMARY KEY (`id`)
) ENGINE=MyISAM  DEFAULT CHARSET=utf8 AUTO_INCREMENT=13 ;

--
-- Contenu de la table `table_album`
--

INSERT INTO `table_album` (`id`, `id_list`, `noibat`, `top_nb`, `type`, `photo`, `thumb`, `ten_vi`, `tenkhongdau`, `title`, `keywords`, `description`, `mota_vi`, `noidung_vi`, `ten_en`, `mota_en`, `noidung_en`, `stt`, `hienthi`, `ngaytao`, `ngaysua`, `luotxem`) VALUES
(10, 0, 1, 0, 'album', 'aps19-7384.jpg', 'aps19-7384_570x420.jpg', 'Album Cưới tại Studio', 'album-cuoi-tai-studio', '', '', '', '<p><span style="font-family:tahoma,geneva,sans-serif;"><span style="font-size:16px;">Nếu bạn là người yêu thích chụp ảnh phong cách nhẹ nhàng, sang trọng kiểu Hàn Quốc thì ảnh viện áo cưới TM sẽ giúp bạn biến ước mơ đó thành hiện thực với chi phí hợp lý. Chúng tôi có hàng trăm mẫu trang phục cưới ngoại nhập để bạn lựa chọn phù hợp với vóc dáng của mình. Với những cách trang điểm làm tóc đơn giản, nhẹ nhàng sang trọng kết hợp đạo cụ cùng với đội ngũ nhiếp ảnh gia có tay nghề giỏi sẽ giúp bạn thực hiện cuốn abum đẹp, cá tính, thể hiện được những gu thẩm mỹ, những câu chuyện tình yêu mà bạn muốn lưu lại thể hiện trong cuốn abum đó…” </span></span></p>\r\n', '', '', '', '', 1, 1, 1535798758, 1535799065, 0),
(11, 0, 1, 0, 'album', 'chuphinhcuoidep114-3174.jpg', 'chuphinhcuoidep114-3174_570x420.jpg', 'Album ảnh cưới Nha Trang', 'album-anh-cuoi-nha-trang', '', '', '', '<p><span style="font-family:tahoma,geneva,sans-serif;"><span style="font-size:16px;">Thành phố biển Nha Trang xinh đẹp với rất nhiều “stuido ngoài trời” mất phí và cũng không ít điểm miễn phí hoàn toàn. Dưới đây là các địa điểm chụp ảnh cưới tuyệt đẹp mà không hề mất phí, sẽ giúp tiết kiệm được một khoản không nhỏ cho các bạn đó, tha hồ tạo dáng đi nhé. Dưới đây là trọn bộ album hình cưới Nha Trang do êkip nhiếp ảnh tại Ảnh Viện áo cưới TM thực hiện.</span></span></p>\r\n', '', '', '', '', 1, 1, 1535798875, 1535799120, 0),
(12, 0, 1, 0, 'album', '2061589919821543820305408382129944284874903o-7523.jpg', '2061589919821543820305408382129944284874903o-7523_570x420.jpg', 'Album cưới Hồ Cốc Vũng Tàu', 'album-cuoi-ho-coc-vung-tau', '', '', '', '<p><span style="font-size:18px;"><span style="font-family:tahoma,geneva,sans-serif;"><span style="font-size:16px;">Hồ Cốc – Vũng Tàu Là một trong những địa danh được thiên nhiên ưu ái ban tặng những khung cảnh mang vẻ đẹp vừa hoang sơ vừa mộc mạc, Biển Hồ Cốc với hình vòng cung uốn lượn nằm bên cạnh những tán lá xanh của rừng nguyên sinh từ lâu đã trở thành những địa điểm được đông đảo các cặp đôi cô dâu chú rể ưa thích .Nước biển trong xanh, tung bọt trắng xóa khi từng con sóng đua nhau xô vài những bãi đá nằm chắn ngang, khoảnh khắc này trong biển Hồ Cốc như thiên đường mờ ảo dưới từng làn khói mỏng.</span></span></span></p>\r\n', '', '', '', '', 1, 1, 1535798973, 1535799199, 0);

-- --------------------------------------------------------

--
-- Structure de la table `table_album_list`
--

CREATE TABLE IF NOT EXISTS `table_album_list` (
  `id` int(11) NOT NULL AUTO_INCREMENT,
  `type` varchar(100) NOT NULL,
  `ten_vi` varchar(255) NOT NULL,
  `ten_en` varchar(255) NOT NULL,
  `name_vi` varchar(255) NOT NULL,
  `name_en` varchar(255) NOT NULL,
  `tenkhongdau` varchar(255) NOT NULL,
  `quangcao` varchar(255) NOT NULL,
  `quangcao_thumb` varchar(255) NOT NULL,
  `links` varchar(255) NOT NULL,
  `title` varchar(255) NOT NULL,
  `keywords` varchar(225) NOT NULL,
  `description` varchar(225) NOT NULL,
  `photo` varchar(255) NOT NULL,
  `thumb` varchar(255) NOT NULL,
  `stt` int(11) NOT NULL,
  `hienthi` int(11) NOT NULL,
  `ngaytao` int(11) NOT NULL,
  `ngaysua` int(11) NOT NULL,
  PRIMARY KEY (`id`)
) ENGINE=MyISAM  DEFAULT CHARSET=utf8 AUTO_INCREMENT=3 ;

--
-- Contenu de la table `table_album_list`
--

INSERT INTO `table_album_list` (`id`, `type`, `ten_vi`, `ten_en`, `name_vi`, `name_en`, `tenkhongdau`, `quangcao`, `quangcao_thumb`, `links`, `title`, `keywords`, `description`, `photo`, `thumb`, `stt`, `hienthi`, `ngaytao`, `ngaysua`) VALUES
(2, 'album', 'echo cccc', 'echo xxxx', '', '', 'echo-cccc', '', '', '', '', '', '', '', '', 1, 1, 1525245156, 0);

-- --------------------------------------------------------

--
-- Structure de la table `table_album_photo`
--

CREATE TABLE IF NOT EXISTS `table_album_photo` (
  `id` int(10) unsigned NOT NULL AUTO_INCREMENT,
  `id_album` int(11) NOT NULL,
  `type` varchar(50) NOT NULL,
  `photo` varchar(225) NOT NULL,
  `thumb` varchar(225) NOT NULL,
  `ten` varchar(255) CHARACTER SET utf8 COLLATE utf8_unicode_ci NOT NULL,
  `mota` varchar(1024) NOT NULL,
  `stt` int(10) unsigned NOT NULL DEFAULT '1',
  `hienthi` tinyint(1) NOT NULL DEFAULT '1',
  `ngaytao` int(11) NOT NULL,
  `ngaysua` int(11) NOT NULL,
  PRIMARY KEY (`id`)
) ENGINE=MyISAM  DEFAULT CHARSET=utf8 AUTO_INCREMENT=109 ;

--
-- Contenu de la table `table_album_photo`
--

INSERT INTO `table_album_photo` (`id`, `id_album`, `type`, `photo`, `thumb`, `ten`, `mota`, `stt`, `hienthi`, `ngaytao`, `ngaysua`) VALUES
(32, 4, 'album', '1473845084147366642722385-2622.jpg', '1473845084147366642722385-2622_370x234.jpg', '', '', 0, 1, 0, 0),
(31, 4, 'album', '1434472511601333407278097994605902499388654n-7006.jpg', '1434472511601333407278097994605902499388654n-7006_370x234.jpg', '', '', 0, 1, 0, 0),
(28, 4, 'album', '2127415-3477.jpg', '2127415-3477_370x234.jpg', '', '', 0, 1, 0, 0),
(29, 4, 'album', '172225exciter13-2434.jpg', '172225exciter13-2434_370x234.jpg', '', '', 0, 1, 0, 0),
(30, 4, 'album', '3821278xe-9657.jpg', '3821278xe-9657_370x234.jpg', '', '', 0, 1, 0, 0),
(17, 1, 'album', 'a-1972.jpg', 'a-1972_370x234.jpg', '', '', 1, 1, 0, 0),
(18, 1, 'album', 'b-7233.jpg', 'b-7233_370x234.jpg', '', '', 2, 1, 0, 0),
(19, 1, 'album', 'c-1122.jpg', 'c-1122_370x234.jpg', '', '', 2, 1, 0, 0),
(20, 2, 'album', 'imagetechz1470879646-2785.jpg', 'imagetechz1470879646-2785_370x234.jpg', '', '', 1, 1, 0, 0),
(21, 2, 'album', 'suutamnhungchiecexciter150doitdunghang27142535250154f527358685e-4110.jpg', 'suutamnhungchiecexciter150doitdunghang27142535250154f527358685e-4110_370x234.jpg', '', '', 2, 1, 0, 0),
(22, 2, 'album', 'temexciter150dennhamchixanh-5984.jpg', 'temexciter150dennhamchixanh-5984_370x234.jpg', '', '', 3, 1, 0, 0),
(23, 2, 'album', 'temxeexciter150camapxanhtim-999.jpg', 'temxeexciter150camapxanhtim-999_370x234.jpg', '', '', 4, 1, 0, 0),
(80, 5, 'album', '28-7810.jpg', '28-7810_1100x800.jpg', '', '', 0, 1, 0, 0),
(79, 5, 'album', '27-3005.jpg', '27-3005_1100x800.jpg', '', '', 0, 1, 0, 0),
(76, 5, 'album', '24-738.jpg', '24-738_1100x800.jpg', '', '', 0, 1, 0, 0),
(77, 5, 'album', '25-3464.jpg', '25-3464_1100x800.jpg', '', '', 0, 1, 0, 0),
(78, 5, 'album', '26-5096.jpg', '26-5096_1100x800.jpg', '', '', 0, 1, 0, 0),
(72, 6, 'album', '8-2723.jpg', '8-2723_1100x800.jpg', '', '', 0, 1, 0, 0),
(73, 6, 'album', '9-330.jpg', '9-330_1100x800.jpg', '', '', 0, 1, 0, 0),
(74, 6, 'album', '10-7135.jpg', '10-7135_1100x800.jpg', '', '', 0, 1, 0, 0),
(75, 6, 'album', '11-8217.jpg', '11-8217_1100x800.jpg', '', '', 0, 1, 0, 0),
(64, 7, 'album', '1-9704.jpg', '1-9704_1100x800.jpg', '', '', 1, 1, 0, 0),
(65, 7, 'album', '2-6693.jpg', '2-6693_1100x800.jpg', '', '', 2, 1, 0, 0),
(66, 7, 'album', '3-2433.jpg', '3-2433_1100x800.jpg', '', '', 3, 1, 0, 0),
(67, 7, 'album', '4-7405.jpg', '4-7405_1100x800.jpg', '', '', 4, 1, 0, 0),
(81, 8, 'album', '1-8147.jpg', '1-8147_1100x800.jpg', '', '', 0, 1, 0, 0),
(82, 8, 'album', '2-2164.jpg', '2-2164_1100x800.jpg', '', '', 0, 1, 0, 0),
(83, 8, 'album', '3-7252.jpg', '3-7252_1100x800.jpg', '', '', 0, 1, 0, 0),
(84, 8, 'album', '4-997.jpg', '4-997_1100x800.jpg', '', '', 0, 1, 0, 0),
(85, 8, 'album', '5-5297.jpg', '5-5297_1100x800.jpg', '', '', 0, 1, 0, 0),
(86, 8, 'album', '6-6831.jpg', '6-6831_1100x800.jpg', '', '', 0, 1, 0, 0),
(87, 9, 'album', '19-5889.png', '19-5889_1100x800.png', '', '', 0, 1, 0, 0),
(88, 9, 'album', '20-7111.jpg', '20-7111_1100x800.jpg', '', '', 0, 1, 0, 0),
(89, 9, 'album', '21-317.jpg', '21-317_1100x800.jpg', '', '', 0, 1, 0, 0),
(90, 9, 'album', '22-2059.jpg', '22-2059_1100x800.jpg', '', '', 0, 1, 0, 0),
(91, 9, 'album', '23-5687.jpg', '23-5687_1100x800.jpg', '', '', 0, 1, 0, 0),
(92, 9, 'album', '24-3285.jpg', '24-3285_1100x800.jpg', '', '', 0, 1, 0, 0),
(93, 9, 'album', '25-8536.jpg', '25-8536_1100x800.jpg', '', '', 0, 1, 0, 0),
(94, 9, 'album', '26-1853.jpg', '26-1853_1100x800.jpg', '', '', 0, 1, 0, 0),
(98, 10, 'album', '05480-8248.jpg', '05480-8248_570x420.jpg', '', '', 0, 1, 0, 0),
(96, 11, 'album', '01444-5973.jpg', '01444-5973_570x420.jpg', '', '', 1, 1, 0, 0),
(97, 12, 'album', '1-9337.jpg', '1-9337_570x420.jpg', '', '', 1, 1, 0, 0),
(99, 10, 'album', '04628-9975.jpg', '04628-9975_570x420.jpg', '', '', 0, 1, 0, 0),
(100, 10, 'album', '0261-4585.jpg', '0261-4585_570x420.jpg', '', '', 0, 1, 0, 0),
(101, 11, 'album', 'chuphinhcuoidep114-7061.jpg', 'chuphinhcuoidep114-7061_570x420.jpg', '', '', 0, 1, 0, 0),
(102, 11, 'album', '1399-7486.jpg', '1399-7486_570x420.jpg', '', '', 0, 1, 0, 0),
(103, 11, 'album', '929-5975.jpg', '929-5975_570x420.jpg', '', '', 0, 1, 0, 0),
(104, 12, 'album', 'slide-3-9862.png', 'slide-3-9862_570x420.png', '', '', 0, 1, 0, 0),
(105, 12, 'album', '2015734618813059321900287968132081635925971o-1858.jpg', '2015734618813059321900287968132081635925971o-1858_570x420.jpg', '', '', 0, 1, 0, 0),
(106, 12, 'album', '2061589919821543820305408382129944284874903o-1206.jpg', '2061589919821543820305408382129944284874903o-1206_570x420.jpg', '', '', 0, 1, 0, 0),
(107, 12, 'album', 'chuphinhcuoidep114-9124.jpg', 'chuphinhcuoidep114-9124_570x420.jpg', '', '', 0, 1, 0, 0),
(108, 12, 'album', 'nhungluuydeconhungbucanhcuoideptuyetvoi-9825.jpg', 'nhungluuydeconhungbucanhcuoideptuyetvoi-9825_570x420.jpg', '', '', 0, 1, 0, 0);

-- --------------------------------------------------------

--
-- Structure de la table `table_baiviet`
--

CREATE TABLE IF NOT EXISTS `table_baiviet` (
  `id` int(10) unsigned NOT NULL AUTO_INCREMENT,
  `id_list` int(11) NOT NULL,
  `id_cat` int(11) NOT NULL,
  `id_item` int(11) NOT NULL,
  `id_sub` int(11) NOT NULL,
  `noibat` int(11) NOT NULL,
  `moinhat` tinyint(2) NOT NULL,
  `top_nb` tinyint(2) NOT NULL,
  `type` varchar(100) NOT NULL,
  `photo` varchar(225) NOT NULL,
  `thumb` varchar(225) NOT NULL,
  `ten_vi` varchar(255) CHARACTER SET utf8 COLLATE utf8_unicode_ci NOT NULL,
  `tenkhongdau` varchar(255) NOT NULL,
  `title` varchar(255) NOT NULL,
  `keywords` varchar(1024) NOT NULL,
  `description` varchar(1024) NOT NULL,
  `mota_vi` text NOT NULL,
  `noidung_vi` text NOT NULL,
  `ten_en` varchar(255) NOT NULL,
  `mota_en` text NOT NULL,
  `noidung_en` text NOT NULL,
  `stt` int(10) unsigned NOT NULL DEFAULT '1',
  `hienthi` tinyint(1) NOT NULL DEFAULT '1',
  `ngaytao` int(11) NOT NULL,
  `ngaysua` int(11) NOT NULL,
  `luotxem` int(11) NOT NULL,
  `top_menu` tinyint(2) NOT NULL,
  `bottom_menu` tinyint(2) NOT NULL,
  `thongtin_vi` text CHARACTER SET utf8 COLLATE utf8_unicode_ci NOT NULL,
  `thongtin_en` text CHARACTER SET utf8 COLLATE utf8_unicode_ci NOT NULL,
  `text_search` varchar(255) NOT NULL,
  `tags` text NOT NULL,
  `tagskhongdau` text NOT NULL,
  `adminup` int(11) NOT NULL DEFAULT '3',
  `sokyhieu` varchar(255) CHARACTER SET utf8 COLLATE utf8_unicode_ci NOT NULL,
  `ngaybanhanh` varchar(40) CHARACTER SET utf8 COLLATE utf8_unicode_ci NOT NULL,
  `id_loai` int(11) NOT NULL,
  `giaban` double NOT NULL,
  `giacu` double NOT NULL,
  `masp` varchar(30) NOT NULL,
  `id_thuonghieu` int(11) NOT NULL,
  `khuyenmai_vi` text NOT NULL,
  `khuyenmai_en` text NOT NULL,
  `thongso_vi` text NOT NULL,
  `thongso_en` text NOT NULL,
  `bg_content` varchar(20) NOT NULL,
  `id_trangthai` varchar(255) NOT NULL,
  `dientich` varchar(255) NOT NULL,
  `hangmuc` varchar(255) NOT NULL,
  `bando` text NOT NULL,
  `vitri` varchar(255) NOT NULL,
  `chuduan` varchar(255) NOT NULL,
  PRIMARY KEY (`id`)
) ENGINE=MyISAM  DEFAULT CHARSET=utf8 AUTO_INCREMENT=265 ;

--
-- Contenu de la table `table_baiviet`
--

INSERT INTO `table_baiviet` (`id`, `id_list`, `id_cat`, `id_item`, `id_sub`, `noibat`, `moinhat`, `top_nb`, `type`, `photo`, `thumb`, `ten_vi`, `tenkhongdau`, `title`, `keywords`, `description`, `mota_vi`, `noidung_vi`, `ten_en`, `mota_en`, `noidung_en`, `stt`, `hienthi`, `ngaytao`, `ngaysua`, `luotxem`, `top_menu`, `bottom_menu`, `thongtin_vi`, `thongtin_en`, `text_search`, `tags`, `tagskhongdau`, `adminup`, `sokyhieu`, `ngaybanhanh`, `id_loai`, `giaban`, `giacu`, `masp`, `id_thuonghieu`, `khuyenmai_vi`, `khuyenmai_en`, `thongso_vi`, `thongso_en`, `bg_content`, `id_trangthai`, `dientich`, `hangmuc`, `bando`, `vitri`, `chuduan`) VALUES
(199, 0, 0, 0, 0, 0, 0, 0, 'chinh-sach', 'xenangdautcmfd25t320180911093255-3908.jpg', 'xenangdautcmfd25t320180911093255-3908_412x525.jpg', 'Chính sách vận chuyển', 'chinh-sach-van-chuyen', '', '', '', '', '', '', '', '', 1, 1, 1538060766, 0, 0, 0, 0, '', '', 'chinh sach van chuyen', '', '', 8, '', '', 0, 0, 0, '', 0, '', '', '', '', '', '', '', '', '', '', ''),
(200, 0, 0, 0, 0, 0, 0, 0, 'chinh-sach', 'xenangdautcmfd30t320180911092444-4526.jpg', 'xenangdautcmfd30t320180911092444-4526_412x525.jpg', 'Chính sách bảo mật', 'chinh-sach-bao-mat', '', '', '', '', '', '', '', '', 1, 1, 1538060780, 0, 1, 0, 0, '', '', 'chinh sach bao mat', '', '', 8, '', '', 0, 0, 0, '', 0, '', '', '', '', '', '', '', '', '', '', ''),
(201, 0, 0, 0, 0, 0, 0, 0, 'chinh-sach', 'vethang92018tu1tanden25tan20180818133601-3776.jpg', 'vethang92018tu1tanden25tan20180818133601-3776_412x525.jpg', 'Chính sách thanh toán', 'chinh-sach-thanh-toan', '', '', '', '', '', '', '', '', 1, 1, 1538060800, 0, 1, 0, 0, '', '', 'chinh sach thanh toan', '', '', 8, '', '', 0, 0, 0, '', 0, '', '', '', '', '', '', '', '', '', '', ''),
(158, 0, 0, 0, 0, 1, 0, 0, 'tin-tuc', 'photo15434561161561543456116515crop1543456125213774395860-8078.jpg', 'photo15434561161561543456116515crop1543456125213774395860-8078_300x300.jpg', 'Các nhà khoa học tạo ra được "vân tay vạn năng", có khả năng mở khóa bảo mật của smartphone hiện tại', 'cac-nha-khoa-hoc-tao-ra-duoc-van-tay-van-nang-co-kha-nang-mo-khoa-bao-mat-cua-smartphone-hien-tai', '', '', '', 'Nhờ có sức mạnh machine learning, các nhà nghiên cứu tạo ra một vân tay vạn năng.', '<p>Các nhà nghiên cứu bảo mật vừa lập trình thành công trí tuệ nhân tạo (AI) có khả năng tạo ra vân tay giả vạn năng, có thể mở khóa đại đa số các smartphone sử dụng cảm biến sinh trắc học. Theo báo cáo sau nghiên cứu, việc tấn công bảo mật "có một tỉ lệ thành công nhất định".</p>\r\n\r\n<p>Việc bảo mật sinh trắc học có lẽ là gần hoàn hảo nhất trong các thiết bị hiện đại. Bằng các đặc điểm sinh trắc học riêng của từng cá nhân (như vân tay, mống mắt, …), những cá nhân có đặc điểm đó mới có thể mở khóa được thiết bị. Tuy nhiên, những nghiên cứu gần đây chỉ ra rằng có thể đánh lừa được đại đa số các thiết bị nhận biết sinh trắc trên thị trường.</p>\r\n\r\n<p>Trong nhiều trường hợp, việc mở khóa cần khuôn mặt hoặc dấu vân tay người đã tiến hành khóa thiết bị. Nhưng trong báo cáo khoa học đăng tải trên arXiv hồi đầu tháng này, các nhà nghiên cứu từ Đại học New York và Đại học Michigan chứng minh họ có thể tạo ra thuật toán machine learning sinh ra được vân tay giả, thay thế được đa số các vân tay có trong cơ sở dữ liệu nghiên cứu.</p>\r\n\r\n<p>Với cái tên DeepMasterPrints, những dấu vân tay được làm nhân tạo này hoạt động tương tự với một chiếc chìa khóa vạn năng. Để tạo ra được nó, các nhà nghiên cứu đưa vào mạng neural nhân tạo tự học dấu vân tay của 6.000 cá nhân. Đây là lần đầu tiên có một tổ chức sử dụng thuật toán machine learning để tạo vân tay vạn năng.</p>\r\n\r\n<p>Các nhà khoa học tạo ra được vân tay vạn năng, có khả năng mở khóa bảo mật của smartphone hiện tại - Ảnh 1.<br />\r\nSau khi phân tích lượng vân tay khổng lồ, hệ thống tự tạo ra một vân tay giống nhất với toàn bộ số vân tay có trong cơ sở dữ liệu. Vân tay giả được đưa vào một mạng phân tích, tìm ra xem nó là thật hay giả. Nếu phát hiện ra là giả, hệ thống sẽ chỉnh sửa để làm ra vân tay thật hơn nữa. Sau hàng ngàn lần chỉnh sửa, vân tay giả đã đánh lừa được hệ thống.</p>\r\n\r\n<p>Vân tay vạn năng được tạo ra bằng AI tập trung vào việc qua mặt đa số những hệ thống nhận dạng vân tay có trên smartphone hiện tại. Các hệ thống có trong điện thoại bạn đang dùng chỉ sử dụng một phần nhỏ vân tay của bạn để nhận dạng thôi, để việc xác định chính chủ diễn ra nhanh hơn. Thế nhưng để có được tốc độ xác nhận cao, các nhà phát triển bảo mật đã phải hi sinh độ chính xác tuyệt đối, tạo ra khe hở bảo mật có thể bị lợi dụng.</p>\r\n\r\n<p>Các nhà nghiên cứu tạo ra hai loại dữ liệu vân tay để huấn luyện cho hệ thống AI. Một là vân tay được in trên giấy, một là từ hệ thống máy quét kĩ thuật số lấy được vân tay. Có ba mức bảo mật mà vân tay vạn năng phải vượt qua.</p>\r\n\r\n<p>Mỗi một mức đều có tỉ lệ sai lệch FMR – tỉ lệ cảm biến vân tay nhận định vân tay giả là thật – khác nhau. Cấp bảo mật cao nhất có sai số chỉ 0,01%, mức trung bình có sai số 0,1% và mức bảo mật thấp nhất có sai số FMR là 1%. Đây là tỉ lệ thất bại của từng mức bảo mật</p>\r\n\r\n<p>Tại mức bảo mật thấp nhất, các nhà nghiên cứu có thể sử dụng vân tay vạn năng đánh lừa được hệ thống trong 76% số lần thử. Con số rất ấn tượng, nhưng các nhà nghiên cứu khẳng định rằng không có hệ thống cảm biến vân tay nào hoạt động ở mức bảo mật thấp vậy cả. Ở mức bảo mật trung bình – mức được cho là thực tế và đại trà nhất – vân tay vạn năng đánh lừa hệ thống được 22% số lần thử.</p>\r\n\r\n<p>Tại mức bảo mật cao nhất, vân tay vạn năng đánh lừa hệ thống được 1,2% số lần thử.</p>\r\n\r\n<p>Những con số trên không cho thấy hệ thống bảo mật vân tay có thể qua mặt được dễ dàng – ta vẫn hoàn toàn có thể đặt niềm tin vào nó. Mục đích của nghiên cứu này, theo như các nhà khoa học chỉ ra, là để các nhà thiết kế bảo mật tương lai cân nhắc về việc hi sinh tính bảo mật để có được sự tiện dụng – cho phép mở khóa vân tay nhanh hơn mà bỏ qua tính bảo mật của hệ thống.</p>\r\n', '', '', '', 4, 1, 1535798342, 1543463079, 13, 0, 0, '', '', 'cac nha khoa hoc tao ra duoc van tay van nang co kha nang mo khoa bao mat cua smartphone hien tai', '', '', 3, '', '', 0, 0, 0, '', 0, '', '', '', '', '', '', '', '', '', '', ''),
(202, 0, 0, 0, 0, 0, 0, 0, 'chinh-sach', 'xenangdautoyota027fd1020180917133248-3234.jpg', 'xenangdautoyota027fd1020180917133248-3234_412x525.jpg', 'Chính sách bảo mật thông tin', 'chinh-sach-bao-mat-thong-tin', '', '', '', '', '', '', '', '', 1, 1, 1538060820, 0, 1, 0, 0, '', '', 'chinh sach bao mat thong tin', '', '', 8, '', '', 0, 0, 0, '', 0, '', '', '', '', '', '', '', '', '', '', ''),
(255, 83, 0, 0, 0, 0, 0, 0, 'san-pham', 'z1191727678643af3441a933637b9298e4ace70a37cf8a-2007.jpg', 'z1191727678643af3441a933637b9298e4ace70a37cf8a-2007_480x480.jpg', 'NHÀ MẪU 1', 'nha-mau-1', '', '', '', '', '', '', '', '', 1, 1, 1543500849, 0, 4, 0, 0, '', '', 'nha mau 1', '', '', 3, '', '', 0, 500000, 530000, '', 0, '', '', '', '', '', '', '', '', '', '', ''),
(256, 83, 0, 0, 0, 0, 0, 0, 'san-pham', 'z1191727677046d3bf14c973e660d7b5e7e9f961c6a658-8155.jpg', 'z1191727677046d3bf14c973e660d7b5e7e9f961c6a658-8155_480x480.jpg', 'NHÀ MẪU 2', 'nha-mau-2', '', '', '', '', '', '', '', '', 1, 1, 1543500875, 0, 0, 0, 0, '', '', 'nha mau 2', '', '', 3, '', '', 0, 500000, 530000, '', 0, '', '', '', '', '', '', '', '', '', '', ''),
(257, 83, 0, 0, 0, 0, 1, 0, 'san-pham', 'z1191727678644b00899fde08011b0d05ec8ecd2c8b0a5-3224.jpg', 'z1191727678644b00899fde08011b0d05ec8ecd2c8b0a5-3224_480x480.jpg', 'NHÀ MẪU 3', 'nha-mau-3', '', '', '', '', '', '', '', '', 1, 1, 1543500910, 0, 0, 0, 0, '', '', 'nha mau 3', '', '', 3, '', '', 0, 500000, 530000, '', 0, '', '', '', '', '', '', '', '', '', '', ''),
(258, 83, 0, 0, 0, 0, 1, 0, 'san-pham', 'z119172767883673387bac4eb7eb0653316e98ed0133a4-8882.jpg', 'z119172767883673387bac4eb7eb0653316e98ed0133a4-8882_480x480.jpg', 'NHÀ MẪU 4', 'nha-mau-4', '', '', '', '', '', '', '', '', 1, 1, 1543500934, 0, 4, 0, 0, '', '', 'nha mau 4', '', '', 3, '', '', 0, 500000, 530000, '', 0, '', '', '', '', '', '', '', '', '', '', ''),
(259, 83, 0, 0, 0, 1, 1, 0, 'san-pham', 'z1191727680395a0b75e0ec3e85bb076d862907d533c16-4970.jpg', 'z1191727680395a0b75e0ec3e85bb076d862907d533c16-4970_480x480.jpg', 'NHÀ MẪU 5', 'nha-mau-5', '', '', '', '', '', '', '', '', 1, 1, 1543500954, 0, 0, 0, 0, '', '', 'nha mau 5', '', '', 3, '', '', 0, 500000, 530000, '', 0, '', '', '', '', '', '', '', '', '', '', ''),
(260, 83, 0, 0, 0, 0, 1, 0, 'san-pham', 'z1191727684443b3c638ddf80be38b5622250c5d6ad347-362.jpg', 'z1191727684443b3c638ddf80be38b5622250c5d6ad347-362_480x480.jpg', 'NHÀ MẪU 6', 'nha-mau-6', '', '', '', '', '', '', '', '', 1, 1, 1543501042, 0, 8, 0, 0, '', '', 'nha mau 6', '', '', 3, '', '', 0, 500000, 530000, '', 0, '', '', '', '', '', '', '', '', '', '', ''),
(261, 83, 0, 0, 0, 1, 1, 0, 'san-pham', 'z1191727684956fe313b9ce5be282383424ccd9b15bdcc-3072.jpg', 'z1191727684956fe313b9ce5be282383424ccd9b15bdcc-3072_480x480.jpg', 'NHÀ MẪU 7', 'nha-mau-7', '', '', '', '', '', '', '', '', 1, 1, 1543501080, 1543501090, 4, 0, 0, '', '', 'nha mau 7', '', '', 3, '', '', 0, 500000, 530000, '', 0, '', '', '', '', '', '', '', '', '', '', ''),
(160, 0, 0, 0, 0, 1, 0, 0, 'tin-tuc', 'photo15434599696061543459969741crop15434600348452052096097-2712.jpg', 'photo15434599696061543459969741crop15434600348452052096097-2712_300x300.jpg', 'Gần 17 triệu đồng cho tour sang Philippines cổ vũ đội tuyển Việt Nam', 'gan-17-trieu-dong-cho-tour-sang-philippines-co-vu-doi-tuyen-viet-nam', '', '', '', 'Nhiều công ty du lịch đã mở bán tour cho du khách sang Philippines cổ vũ đội tuyển Việt Nam đá bán kết AFF Cup 2018, giá tour từ 16,9 triệu đồng/khách.', '<p style="padding: 0px; margin: 14px 0px; border: 0px; font-size: 17px; outline: 0px; line-height: 25px; color: rgb(48, 48, 48); font-family: &quot;Times New Roman&quot;;">Đến chiều 28-11, ghi nhận tại một số công ty du lịch ở TP HCM, nhu cầu du khách đặt tour đi xem bóng đá, cổ vũ đội tuyển Việt Nam đá bán kết AFF Cup 2018 với Philippines ngày 2-12 tới đang tăng cao. Nhiều du khách gọi điện, tìm hiểu thông tin và sẵn sàng đặt tour sang Philippines ủng hộ tuyển Việt Nam.</p>\r\n\r\n<p style="padding: 0px; margin: 14px 0px; border: 0px; font-size: 17px; outline: 0px; line-height: 25px; color: rgb(48, 48, 48); font-family: &quot;Times New Roman&quot;;">Công ty du lịch Vietravel cho biết đã phối hợp với Vietnam Airlines tổ chức tour bay thẳng đến thành phố Bacolod. Theo đó, chương trình khởi hành từ TP HCM với mức giá từ 16,9 triệu đồng/khách (hành trình đi về trong ngày); từ Hà Nội với mức giá 23,5 triệu đồng/khách (hành trình 2 ngày 1 đêm).</p>\r\n\r\n<p style="padding: 0px; margin: 14px 0px; border: 0px; font-size: 17px; outline: 0px; line-height: 25px; color: rgb(48, 48, 48); font-family: &quot;Times New Roman&quot;;">Theo Vietravel, với người hâm mộ Hà Nội trên chuyến bay về từ Philippines sẽ được giao lưu cùng tuyển Việt Nam. Giá vé đã bao gồm các dịch vụ trong chương trình và vé xem trận bán kết.</p>\r\n\r\n<p style="padding: 0px; margin: 14px 0px; border: 0px; font-size: 17px; outline: 0px; line-height: 25px; color: rgb(48, 48, 48); font-family: &quot;Times New Roman&quot;;">Vietravel dự kiến phục vụ khoảng 150 người hâm mộ. Đại diện Vietravel cho biết từ tối 27-11 đã có khách gọi điện hỏi tour, đặt tour và thanh toán online.</p>\r\n\r\n<div class="VCSortableInPreviewMode noCaption" style="padding: 0px; margin: 0px 0px 20px; border: 0px; font-size: 17px; outline: 0px; line-height: 25px; color: rgb(48, 48, 48); font-family: &quot;Times New Roman&quot;; text-align: center;" type="Photo">\r\n<div style="padding: 0px; margin: 0px; border: 0px; outline: 0px; line-height: 25px;"><img alt="Gần 17 triệu đồng cho tour sang Philippines cổ vũ đội tuyển Việt Nam - Ảnh 1." data-original="https://cafebiz.cafebizcdn.vn/2018/11/29/photo-1-15434599697921221152882.jpg" h="361" id="img_dd00fb80-f381-11e8-bae2-a15b51698730" photoid="dd00fb80-f381-11e8-bae2-a15b51698730" rel="lightbox" src="https://cafebiz.cafebizcdn.vn/2018/11/29/photo-1-15434599697921221152882.jpg" style="padding: 0px; margin: 0px; border: 0px; font-size: 0px; outline: 0px; vertical-align: middle; max-width: 100%;" title="Gần 17 triệu đồng cho tour sang Philippines cổ vũ đội tuyển Việt Nam - Ảnh 1." type="photo" w="540" /></div>\r\n\r\n<div class="PhotoCMS_Caption" style="padding: 0px; margin: 0px; border: 0px; outline: 0px; font-style: italic; line-height: 25px;"> </div>\r\n</div>\r\n\r\n<p style="padding: 0px; margin: 14px 0px; border: 0px; font-size: 17px; outline: 0px; line-height: 25px; color: rgb(48, 48, 48); font-family: &quot;Times New Roman&quot;;">Nhu cầu đặt tour sang Philippines ủng hộ đội tuyển Việt Nam đang tăng cao. Ảnh: L.Anh</p>\r\n\r\n<div class="VCSortableInPreviewMode" style="padding: 0px; margin: 0px 0px 20px; border: 0px; font-size: 17px; outline: 0px; line-height: 25px; color: rgb(48, 48, 48); font-family: &quot;Times New Roman&quot;; text-align: center;" type="Photo">\r\n<div style="padding: 0px; margin: 0px; border: 0px; outline: 0px; line-height: 25px;"><img alt="Gần 17 triệu đồng cho tour sang Philippines cổ vũ đội tuyển Việt Nam - Ảnh 2." data-original="https://cafebiz.cafebizcdn.vn/2018/11/29/photo-1-1543459971761675086844.jpg" h="405" id="img_de275310-f381-11e8-86fd-9f5b5d65e288" photoid="de275310-f381-11e8-86fd-9f5b5d65e288" rel="lightbox" src="https://cafebiz.cafebizcdn.vn/2018/11/29/photo-1-1543459971761675086844.jpg" style="padding: 0px; margin: 0px; border: 0px; font-size: 0px; outline: 0px; vertical-align: middle; max-width: 100%;" title="Gần 17 triệu đồng cho tour sang Philippines cổ vũ đội tuyển Việt Nam - Ảnh 2." type="photo" w="540" /></div>\r\n\r\n<div class="PhotoCMS_Caption" style="padding: 0px; margin: 0px; border: 0px; outline: 0px; font-style: italic; line-height: 25px;">\r\n<p data-placeholder="[nhập chú thích]" style="padding: 0px; margin: 14px 0px; border: 0px; outline: 0px; line-height: 25px;">Du khách đặt tour cổ vũ bóng đá tại Saigontourist sáng 28-11. Ảnh: L.Anh</p>\r\n</div>\r\n</div>\r\n\r\n<p style="padding: 0px; margin: 14px 0px; border: 0px; font-size: 17px; outline: 0px; line-height: 25px; color: rgb(48, 48, 48); font-family: &quot;Times New Roman&quot;;"> </p>\r\n\r\n<p style="padding: 0px; margin: 14px 0px; border: 0px; font-size: 17px; outline: 0px; line-height: 25px; color: rgb(48, 48, 48); font-family: &quot;Times New Roman&quot;;">Bà Đoàn Thị Thanh Trà, Giám đốc Tiếp thị và Truyền thông, Công ty dịch vụ lữ hành Saigontourist, cho biết đã có những du khách đầu tiên đặt tour đi Philippines cổ vũ bóng đá trong sáng 28-11. Nhu cầu mua tour sang xem trận bán kết của đội tuyển Việt Nam ở thành phố Bacolod tăng khá cao.</p>\r\n\r\n<p style="padding: 0px; margin: 14px 0px; border: 0px; font-size: 17px; outline: 0px; line-height: 25px; color: rgb(48, 48, 48); font-family: &quot;Times New Roman&quot;;">Giá tour của Saigontourist cho hành trình ủng hộ đội tuyển Việt Nam từ 16,99 triệu đồng/khách, đi về trong ngày 2-12 và giảm 500.000 đồng/khách cho 10 người đặt tour đầu tiên.</p>\r\n\r\n<p style="padding: 0px; margin: 14px 0px; border: 0px; font-size: 17px; outline: 0px; line-height: 25px; color: rgb(48, 48, 48); font-family: &quot;Times New Roman&quot;;">Các tour đi cổ vũ bóng đá sẽ trên chuyên cơ riêng của Vietnam Airlines. Giá tour đã bao gồm vé xem bóng đá. Theo các công ty du lịch, vé xem bóng đá tại Phillipines cũng được người hâm mộ săn ngay khi mở bán.</p>\r\n\r\n<p style="padding: 0px; margin: 14px 0px; border: 0px; font-size: 17px; outline: 0px; line-height: 25px; color: rgb(48, 48, 48); font-family: &quot;Times New Roman&quot;;">Bên cạnh một số công ty lữ hành bán tour trọn gói, một số công ty du lịch khác còn hỗ trợ du khách có nhu cầu đi xem bóng đá tự túc. Như Công ty Fiditour cho biết sẽ hỗ trợ đặt vé máy bay, khách sạn nếu du khách có nhu cầu đến Philippines xem trận bán kết lượt đi.</p>\r\n\r\n<p style="padding: 0px; margin: 14px 0px; border: 0px; font-size: 17px; outline: 0px; line-height: 25px; color: rgb(48, 48, 48); font-family: &quot;Times New Roman&quot;;">Ngoài ra, đại diện một công ty du lịch khác cho biết dù nhu cầu đặt tour đi ủng hộ đội tuyển Việt Nam tăng cao nhưng việc tổ chức tour gặp không ít khó khăn, do địa điểm thi đấu không nằm trong đường bay thẳng từ Việt Nam; khó đặt dịch vụ từ các đối tác ở Philippines…</p>\r\n\r\n<p style="padding: 0px; margin: 14px 0px; border: 0px; font-size: 17px; outline: 0px; line-height: 25px; color: rgb(48, 48, 48); font-family: &quot;Times New Roman&quot;;">Trước đó, thông tin từ Vietnam Airlines cho biết hãng đã bố trí 2 chuyến bay thẳng từ Hà Nội đi Bacolod đưa các thành viên đội tuyển bóng đá Việt Nam và người hâm mộ sang Philippines để cổ vũ cho đội nhà.</p>\r\n\r\n<p style="padding: 0px; margin: 14px 0px; border: 0px; font-size: 17px; outline: 0px; line-height: 25px; color: rgb(48, 48, 48); font-family: &quot;Times New Roman&quot;;">Cụ thể, sáng 28-11, chuyến bay thẳng đầu tiên của Vietnam Airlines bằng máy bay A321 đưa Đội tuyển bóng đá Việt Nam từ sân bay Nội Bài đến thẳng sân bay Bacolod. Chuyến bay được Vietnam Airlines bố trí đặc biệt, nhanh chóng trong thời gian ngắn, với hời gian bay khoảng 3 tiếng 35 phút, rút ngắn rất nhiều so với chuyến bay thường lệ phải nối chuyến 3 chặng từ Hà Nội đến thành phố Bacolod.</p>\r\n\r\n<p style="padding: 0px; margin: 14px 0px; border: 0px; font-size: 17px; outline: 0px; line-height: 25px; color: rgb(48, 48, 48); font-family: &quot;Times New Roman&quot;;">Chuyến bay thẳng thứ 2 dành cho các CĐV sang tiếp lửa cho đội tuyển Việt Nam sẽ khởi hành từ Hà Nội vào sáng 2-12 bằng máy bay A321. Chuyến bay về ngày 3-12 sẽ chở toàn bộ đội tuyển cùng các fan Việt Nam từ Bacolod về Hà Nội. Hành khách được khuyến cáo chỉ mang 5 kg hành lý xách tay, không có hành lý ký gửi do hạn chế tải tại đường băng ngắn của sân bay Bacolod.</p>\r\n', '', '', '', 3, 1, 1535800082, 1543462713, 4, 0, 0, '', '', 'gan 17 trieu dong cho tour sang philippines co vu doi tuyen viet nam', '', '', 3, '', '', 0, 0, 0, '', 0, '', '', '', '', '', '', '', '', '', '', ''),
(161, 0, 0, 0, 0, 1, 0, 0, 'tin-tuc', 'juno15433732977641076675158crop15433733224961712601817-4128.jpg', 'juno15433732977641076675158crop15433733224961712601817-4128_300x300.jpg', 'CEO chuỗi cửa hàng giày túi Juno Nguyễn Quốc Tuấn: Bản năng đàn ông sẽ có khuynh hướng yêu chiều và làm hài lòng khách hàng nữ hơn!', 'ceo-chuoi-cua-hang-giay-tui-juno-nguyen-quoc-tuan-ban-nang-dan-ong-se-co-khuynh-huong-yeu-chieu-va-lam-hai-long-khach-hang-nu-hon', '', '', '', 'Từ 4 cửa hàng ban đầu, sau 3 năm nhận đầu tư từ Seedcom, hiện chuỗi bán lẻ giày túi Juno đã tăng lên 81 cửa hàng.', '<p>Theo số liệu của Forbes, Việt Nam được xem là công xưởng của thế giới trong ngành da giày. Hiện Việt Nam đứng thứ 2 thế giới về xuất khẩu giày dép. Ngành da giày là nơi làm việc của khoảng 1 triệu lao động và hơn 1.514 doanh nghiệp. Phần đông là doanh nghiệp quy mô nhỏ, chỉ 3% doanh nghiệp ngành này có quy mô trên 5.000 lao động.</p>\r\n\r\n<p>Tuy nhiên cũng giống như ngành dệt may, hiện điểm yếu của các công ty da giày, túi xách là thương hiệu yếu, phần lớn là làm gia công (OEM) với biên lợi nhuận thấp. Xây dựng một thương hiệu Made in Việt Nam là ước mơ của không ít doanh nghiệp trong ngành.</p>\r\n\r\n<p style="text-align:center"><img alt="" height="375" src="http://demo206.designitpk.vn/upload/images/juno-15433732977641076675158-crop-15433733224961712601817.jpg" width="600" /></p>\r\n\r\n<p>Khi nam giới đi bán giày phụ nữ</p>\r\n\r\n<p>Năm 2005, thương hiệu Juno ra đời với sự tham gia của 3 chàng trai xuất thân là dân kỹ thuật. Tuy nhiên suốt 10 năm phát triển, Juno vẫn vô cùng mờ nhạt như bao cái tên khác trên thị trường trước sức ép của giày Trung Quốc. Giai đoạn này Juno vẫn chỉ có 4 cửa hàng. Thế nhưng, kể từ khi lọt vào "mắt xanh" của Seedcom - một công ty chuyên đầu tư vào các startup, Juno bỗng lột xác.</p>\r\n\r\n<p>Seedcom vốn được xem là "bà đỡ mát tay" của không ít startup và hiện đã trở thành những doanh nghiệp lớn như Thế giới di động, Tiki, Concung, The Coffee House, giaohangnhanh…</p>\r\n\r\n<p>Tháng 8/2015, Juno được tăng vốn điều lệ từ 6 tỷ đồng lên 31,4 tỷ đồng. Đến tháng 5/2016, vốn điều lệ được tăng tiếp lên 37,4 tỷ đồng. Từ 4 cửa hàng ban đầu, sau 3 năm nhận đầu tư từ Seedcom, hiện chuỗi Juno đã có 81 cửa hàng. Đầu tư vào Juno, Seedcom không chỉ đóng vai trò của một quỹ đầu tư mà tham gia điều hành, sản xuất và cả bán hàng với sự tham giam của đồng sáng lập Thế giới di động - Đinh Anh Huân.</p>\r\n\r\n<p>"Đối tượng khách hàng của Juno là từ 18-40 tuổi, tức khoảng 22 triệu người tại thị trường Việt Nam, chia đôi ra là có khoảng 10 triệu phụ nữ. 10 triệu phụ nữ là một thị trường rất lớn, đặc biệt chị em phụ nữ mỗi năm thường mua 3-4 đôi giày, nên 1 năm thị trường phải cần mấy chục triệu đôi giày. Dù trong nước có một vài thương hiệu, nhưng chỉ chiếm rất nhỏ, chưa tới 1% thị trường, còn chủ yếu vẫn là hàng Trung Quốc không có thương hiệu", ông Huân từng chia sẻ về tầm nhìn của Juno trên một tạp chí cách đây không lâu.</p>\r\n\r\n<p>"Làm sao chị em cứ đi vài cây số là có 1 cửa hàng giày của Juno", nhà đầu tư từ Seedcom đặt mục tiêu về chiến lược phát triển chuỗi của Juno. Ông Huân và ban lãnh đạo Juno sớm nhìn thấy tiềm năng của phân khúc khách hàng đại chúng với mức giá khoảng 300.000 đồng và mua vài đôi mỗi năm.</p>\r\n\r\n<p>"Thực sự mọi người nghĩ phụ nữ sẽ hiểu khách hàng nữ giới nhiều hơn và thậm chí chúng ta hay đùa nhau phụ nữ cũng không biết họ muốn gì? Với tôi quan điểm đó ngược lại, bản năng của một người đàn ông sẽ có khuynh hướng yêu chiều và làm hài lòng phụ nữ. Với tôi bản năng đó sẽ giúp cho nam giới hiểu và biết cách làm cho nữ giới thích hơn", CEO Nguyễn Quốc Tuấn chia sẻ khi được hỏi lý do khởi nghiệp trong ngành phục vụ khách hàng nữ giới.</p>\r\n\r\n<p>Ông Tuấn là thành viên sáng lập duy nhất còn ở lại Juno. Ông Tuấn có chuyên môn về công nghệ thông tin, từng du học tại Pháp và có kinh nghiệm làm việc cho các chương trình phát triển hệ thống thông tin.</p>\r\n\r\n<p>CEO Juno cũng từng có thời gian khởi nghiệp một mạng xã hội sức khỏe hướng tới đối tượng là các bà bầu. Quá trình tìm hiểu về sức khoẻ sinh sản, sức khoẻ nuôi con và những trải nghiệm liên quan đến người dùng nữ đã giúp doanh nhân này hiểu hơn về phụ nữ. Kinh nghiệm từ làm mạng xã hội cũng giúp ông hiểu rằng nữ giới thường chịu khó chia sẻ trên mạng xã hội nhiều hơn nam giới.</p>\r\n\r\n<p>"Với chúng tôi, phụ nữ không khó hiểu chỉ là bạn có đủ lắng nghe họ hay không? Ví dụ rõ nhất cho việc lắng nghe của chúng tôi với khách nữ của Juno, chẳng hạn chúng tôi biết được các chị em vẫn luôn rất thích "trai đẹp, sáu múi" (dù không nói ra). Chính vì thế mà Juno từng ra chiến dịch quảng cáo "Soái ca gói quà" và được đón nhận vượt sự mong đợi của đội ngũ thực hiện", ông Tuấn chia sẻ thêm.</p>\r\n\r\n<p>CEO chuỗi cửa hàng giày túi Juno Nguyễn Quốc Tuấn: Bản năng đàn ông sẽ có khuynh hướng yêu chiều và làm hài lòng khách hàng nữ hơn! - Ảnh 1.<br />\r\nÔng Đinh Anh Huân - Sáng lập Seedcom (ngoài cùng bên phải) và các sáng lập viên của một số startup như Tiki, Juno hay Balohanghieu.</p>\r\n\r\n<p> </p>\r\n\r\n<p>Học hỏi nhiều từ các "đàn anh"</p>\r\n\r\n<p>Việc đầu tư của Seedcom, ngoài bề đỡ về tài chính, Juno còn được hỗ trợ không nhỏ bởi kinh nghiệm xây dựng thành công chuỗi bán lẻ điện thoại Thế giới di động của ông Đinh Anh Huân, với tôn chỉ đặt khách hàng lên vị trí số 1.</p>\r\n\r\n<p>"Khách hàng ở đâu, chúng tôi có mặt ở đó. Từ hotline, Website cho đến Instagram, Facebook cho tới những chương trình tạo được tiếng vang như Ngày hội Black Friday, clip viral hay kết hợp cùng ca sĩ Bích Phương và nhiều người nổi tiếng khác", CEO Nguyễn Quốc Tuấn chia sẻ thêm.</p>\r\n\r\n<p>Ngoài các kênh truyền thông phổ biến, việc tìm ra các phương thức truyền thông phù hợp và tối ưu với từng nhóm khách hàng cũng là nhiệm vụ quan trọng. Chẳng hạn khi nhận ra khách hàng ở khu vực miền Tây sử dụng Zalo nhiều hơn Facebook, bộ phận bán hàng và marketing của Juno đã đẩy mạnh tiếp cận nhóm khách hàng tại khu vực này trên kênh Zalo. Song song với phát triển mạnh các kênh online, các cửa hàng vẫn tiếp tục được mở mới không ngừng, bởi thực tế phần đông người tiêu dùng Việt vẫn thích đến cửa hàng để trải nghiệm mua sắm. </p>\r\n\r\n<p>CEO chuỗi cửa hàng giày túi Juno Nguyễn Quốc Tuấn: Bản năng đàn ông sẽ có khuynh hướng yêu chiều và làm hài lòng khách hàng nữ hơn! - Ảnh 2.<br />\r\nMột cửa hàng Juno.</p>\r\n\r\n<p>"Quan điểm của chúng tôi là không tập trung vào kênh online hay offline, chỉ cần biết khách hàng ở đâu, chúng tôi sẽ tìm cách tiếp cận ở đấy, càng nhiều càng tốt. Mua online hay offline là tùy khách, việc của chúng tôi là đảm bảo cung cấp dịch vụ tốt nhất, từ sự tiện lợi, đơn giản cho đến dịch vụ giao nhận, vị trí đặt cửa hàng", ông Tuấn cho biết.</p>\r\n\r\n<p>Trong quá trình mở rộng liên tục của chuỗi cửa hàng bán lẻ, công nghệ sẽ đóng vai trò cực kỳ quan trọng ảnh hưởng đến hiệu quả hoạt động của toàn hệ thống, đặc biệt khi mở rộng quy mô. </p>\r\n\r\n<p>Juno cũng không đứng ngoài dòng chảy đó. Doanh nghiệp này hiện đang tập trung vào hai thứ: Một là dữ liệu khách hàng, hệ thống lưu trữ dữ liệu. Thứ hai là tự động hóa. Làm sao giảm người vận hành mà vẫn giao tiếp thường xuyên với khách hàng. 3 năm trước, Juno có 10 nhân viên thay nhau túc trực trả lời tin nhắn của khách hàng trên Facebook. Hiện tại chỉ còn 5 nhân viên nhưng lượng khách hàng đã tăng lên 20 lần.</p>\r\n\r\n<p>Bên cạnh đó là việc sử dụng các phần mềm để quản lý linh hoạt từ khâu thiết kế, sản xuất, vận hành cho đến khi đưa sản phẩm ra thị trường, xuất nhập kho, quản lý nhân viên tại cửa hàng. Công nghệ cũng giúp nhà quản lý tính toán được số lượng sản phẩm đưa ra thị trường, lượng hàng tồn kho để chủ động sản xuất, phân phối.</p>\r\n\r\n<p>Ngoài đầu tư vào công nghệ, việc tạo khác biệt với việc nâng cao trải nghiệm khách hàng cũng là yếu tố quan trọng trong kinh doanh bán lẻ. Với chính sách đổi trả 90 ngày và chính sách giao hàng nhanh miễn phí trong 2 giờ (như cách Tiki hay TGDĐ đang thực hiện), được kỳ vọng sẽ là điểm cộng đáng kể của Juno đối với việc gia tăng trải nghiệm của khách hàng.</p>\r\n\r\n<p>Dù vậy, cách làm này chắc chắn cũng khiến đẩy cao hơn chi phí cho doanh nghiệp. CEO Juno tin rằng đây có thể xem là khoản đầu tư xây dựng thương hiệu. "Thực tế chỉ các doanh nghiệp thương mại điện tử mới đủ tiềm lực và số bán để đầu tư giao hàng nhanh trong 2h. Còn các thương hiệu khác thì sẽ khó đảm bảo điều này. Nhưng chúng tôi hướng tới trải nghiệm của khách hàng để khi họ cần Juno sẽ luôn sẵn sàng phục vụ", ông Tuấn cho biết.</p>\r\n', '', '', '', 1, 1, 1535800159, 1543462481, 24, 0, 0, '', '', 'ceo chuoi cua hang giay tui juno nguyen quoc tuan ban nang dan ong se co khuynh huong yeu chieu va lam hai long khach hang nu hon', '', '', 3, '', '', 0, 0, 0, '', 0, '', '', '', '', '', '', '', '', '', '', ''),
(162, 0, 0, 0, 0, 1, 0, 0, 'tin-tuc', 'images15434577022641781200821crop15434577073201881458532-5400.jpg', 'images15434577022641781200821crop15434577073201881458532-5400_300x300.jpg', 'Tránh được 4 bẫy nguy hiểm này, kinh doanh kiểu gì bạn cũng kiếm được bộn tiền', 'tranh-duoc-4-bay-nguy-hiem-nay-kinh-doanh-kieu-gi-ban-cung-kiem-duoc-bon-tien', '', '', '', 'Nhiều khi mọi người hay tự biến mình thành một kẻ làm thuê, xem mình là một nhân viên sale, chỉ phụ trách bán hàng.', '<p>Ngày nay có rất nhiều người dấn thân vào con đường kinh doanh buôn bán nhỏ lẻ, họ làm việc rất chăm chỉ, cũng rất có ý thức đi quảng cáo, quảng cáo từng giờ từng phút, không ngừng nghỉ.</p>\r\n\r\n<p style="text-align:center"><img alt="" height="374" src="http://demo206.designitpk.vn/upload/images/images-15434577022641781200821-crop-15434577073201881458532.jpg" width="600" /></p>\r\n\r\n<p>Gần đây, lúc cùng một vài người bạn cũng đang làm kinh doanh nói chuyện, tôi phát hiện ra, rất nhiều người bọn họ không phải là đang kiếm tiền, tất nhiên trong nhiều tình huống thì cũng chẳng gọi là bỏ vốn ra.</p>\r\n\r\n<p>Thị trường hiện nay không thiếu những người tự mình làm ăn kinh doanh, cạnh tranh khốc liệt, vì vậy nếu thực sự muốn kiếm tiền thì dù có khó khăn đến mấy cũng nhất định phải xông lên phía trước.</p>\r\n\r\n<p>Vậy rốt cuộc thì tại sao những người kinh doanh nhỏ lẻ hiên nay lại khó kiếm được tiền? Bản thân tôi tự tổng kết lại được 4 nguyên nhân sau:</p>\r\n\r\n<p>Tránh được 4 bẫy nguy hiểm này, kinh doanh kiểu gì bạn cũng kiếm được bộn tiền - Ảnh 1.<br />\r\n1. Tư duy sai lầm</p>\r\n\r\n<p>Nhiều khi mọi người hay tự biến mình thành một kẻ làm thuê.</p>\r\n\r\n<p>Làm việc thiếu lề lối, không xem nó là công việc thực sự mà xem nó là một sản phẩm của người khác, còn mình là một nhân viên sale, chỉ phụ trách bán hàng.</p>\r\n\r\n<p>Nhiều người còn có suy nghĩ làm những công việc này đừng nên quá mệt, chỉ cần đăng lên Facebook, hay hội nhóm gì đó hoặc tag bạn bè vào là đủ.</p>\r\n\r\n<p>Nhớ lúc trước, trên dòng thời gian Facebook có không ít bạn bè đăng bài đủ các thể loại hàng hóa. Nhưng đợi đến khi bản thân làm rồi mới phát hiện, sao lại chẳng có ai mua, sao lại không ra tiền.</p>\r\n\r\n<p>Nên nhớ, tiền của người làm kinh doanh, một đồng cũng không dễ kiếm.</p>\r\n\r\n<p>2. Lựa chọn sai sản phẩm</p>\r\n\r\n<p>Nhu cầu thị trường là rào cản lớn nhất cho những người làm ăn nhỏ lẻ, nếu chỉ biết đăng bài lên mạng xã hội thì nguy hiểm rồi.</p>\r\n\r\n<p>Nếu sản phẩm của bạn dành cho lứa tuổi 50 chẳng hạn, cơ mà bạn bè trên mạng xã hội của bạn lại toàn người từ 20-30 tuổi, muốn bán được hàng, thử hỏi xem dễ hay khó?</p>\r\n\r\n<p>Nếu sản phẩm quá bão hòa thì cũng hỏng luôn, chưa nói đến việc không bán được hàng, thử nghĩ xem, một người chẳng có tí thế lực gì như bạn, một con kiến trong chuỗi thức ăn lớn như vậy, liệu bạn có thể kiếm được bao nhiêu?</p>\r\n\r\n<p>Trừ phi, trong tất cả những người buôn bán, khách hàng chỉ biết mình bạn. Nhớ kĩ, ở đây là đang nói về bạn chứ không phải sản phẩm của bạn.</p>\r\n\r\n<p>Hay kể cả như những hàng hóa loại hai, loại ba mà lại bán với giá cao nữa thì lại càng không phải nói, nói ra lại toàn là nước mắt.</p>\r\n\r\n<p>Tránh được 4 bẫy nguy hiểm này, kinh doanh kiểu gì bạn cũng kiếm được bộn tiền - Ảnh 2.<br />\r\nThứ 3. Nhận thức kinh doanh sai lầm</p>\r\n\r\n<p>Bạn nói xem, bạn chỉ biết đi kết bạn trên Facebook, rồi sau đó đăng bài quảng cáo, suốt ngày chỉ quanh quẩn ở đó. Rồi cuối cùng phát hiện ra, mấy người mà bạn vừa kết bạn cũng kinh doanh giống bạn.</p>\r\n\r\n<p>Hai con mắt của bạn không thể nào nhìn thấu hết được cả mạng xã hội. Ở trên mạng xã hôi, bạn không nhìn thấy tôi, tôi không nhìn thấy bạn, không có sự tin tưởng, không mua cũng là điều bình thường.</p>\r\n\r\n<p>Vì vậy, muốn bán được hàng, tất nhiên là phải xây dựng lòng tin trước đã, nhưng mà suy cho cùng thì danh sách bạn bè dài dằng dặc của bạn được mấy người là tin tưởng bạn?</p>\r\n\r\n<p>Bạn biết vì sao rất nhiều thương hiệu lớn đều tuyển công tác viên hay đại lý không? Họ không phải đang muốn nhờ vào sự tin tưởng của bạn bè của bạn trên mạng xã hội ư. Họ bán được hàng là được, bạn có kiếm được tiền không, ai thèm quan tâm.</p>\r\n\r\n<p>Vậy thì, phải làm sao để xây dựng lòng tin, cách đơn giản nhất tất nhiên là phải tiếp tục chia sẻ giá trị, hỗ trợ vô điều kiện với những người theo dõi bạn và khách hàng của bạn.</p>\r\n\r\n<p>Khó lắm ư?</p>\r\n\r\n<p>Không khó! Chẳng qua cũng chỉ là viết status, chia sẻ một vài video để mọi người biết đến, càng nhiều người xem được thì càng tốt thôi.</p>\r\n\r\n<p>4. Thiếu tư duy quản lý hệ thống hóa</p>\r\n\r\n<p>Nếu thực sự muốn kiếm tiền, thì nhất định phải xem việc kinh doanh của mình như một công việc chính thức, hoặc xem như bạn đang khởi nghiệp cũng được.</p>\r\n\r\n<p>Cần phải hiểu: làm sao để xây dựng một hệ thống vận chuyển tiện lợi? Làm sao để tạo được lòng tin với khách hàng? Làm sao để tạo ra một hệ thống linh hoạt và mở rộng hơn?</p>\r\n\r\n<p>Nghe thì có vẻ rất khó, nhưng thực ra không khó.</p>\r\n\r\n<p>Hệ thống này, hệ thống kia, nói trắng ra chỉ đơn giản là bạn cần biết cách làm sao để giúp đỡ, hỗ trợ người khác, và luôn chia sẻ giá trị với họ.</p>\r\n\r\n<p>Làm được những việc này rồi thì việc tiếp theo bạn cần làm là ngồi đó chìa tay ra rồi tiền sẽ rơi xuống thôi.</p>\r\n', '', '', '', 2, 1, 1535800363, 1543462623, 32, 0, 0, '', '', 'tranh duoc 4 bay nguy hiem nay kinh doanh kieu gi ban cung kiem duoc bon tien', '', '', 3, '', '', 0, 0, 0, '', 0, '', '', '', '', '', '', '', '', '', '', ''),
(170, 0, 0, 0, 0, 0, 0, 0, 'gioi-thieu', 'nhungluuydeconhungbucanhcuoideptuyetvoi1083-4793.jpg', 'nhungluuydeconhungbucanhcuoideptuyetvoi1083-4793_412x525.jpg', 'Hồ sơ năng lực', 'ho-so-nang-luc', '', '', '', 'It sometimes happens if fails to load print preview, maybe when the content to print is quite big (i noticed it only with Chrome while same page prints perfeclty in Firefox, however i dont exclude it might happen in Firefox or other browsers too). The best way i found is to run the print (and close) only after windows is loaded', '', '', '', '', 1, 1, 1537498530, 1537857920, 1, 0, 0, '', '', 'ho so nang luc', '', '', 3, '', '', 0, 0, 0, '', 0, '', '', '', '', '', '', '', '', '', '', ''),
(171, 0, 0, 0, 0, 0, 0, 0, 'gioi-thieu', 'nhungluuydeconhungbucanhcuoideptuyetvoi1083-2753.jpg', 'nhungluuydeconhungbucanhcuoideptuyetvoi1083-2753_412x525.jpg', 'Hệ thống nhân sự', 'he-thong-nhan-su', '', '', '', 'It sometimes happens if fails to load print preview, maybe when the content to print is quite big (i noticed it only with Chrome while same page prints perfeclty in Firefox, however i dont exclude it might happen in Firefox or other browsers too). The best way i found is to run the print (and close) only after windows is loaded', '', '', '', '', 1, 1, 1537498542, 1537857905, 2, 0, 0, '', '', 'he thong nhan su', '', '', 3, '', '', 0, 0, 0, '', 0, '', '', '', '', '', '', '', '', '', '', ''),
(172, 0, 0, 0, 0, 0, 0, 0, 'gioi-thieu', 'nhungluuydeconhungbucanhcuoideptuyetvoi1083-6897.jpg', 'nhungluuydeconhungbucanhcuoideptuyetvoi1083-6897_412x525.jpg', 'Lịch sử thành lập', 'lich-su-thanh-lap', '', '', '', 'It sometimes happens if fails to load print preview, maybe when the content to print is quite big (i noticed it only with Chrome while same page prints perfeclty in Firefox, however i dont exclude it might happen in Firefox or other browsers too). The best way i found is to run the print (and close) only after windows is loaded', '', '', '', '', 1, 1, 1537498556, 1537857882, 5, 0, 0, '', '', 'lich su thanh lap', '', '', 3, '', '', 0, 0, 0, '', 0, '', '', '', '', '', '', '', '', '', '', ''),
(173, 0, 0, 0, 0, 0, 0, 0, 'gioi-thieu', 'nhungluuydeconhungbucanhcuoideptuyetvoi1083-4324.jpg', 'nhungluuydeconhungbucanhcuoideptuyetvoi1083-4324_412x525.jpg', 'Tầm nhìn - sứ mệnh', 'tam-nhin-su-menh', '', '', '', 'It sometimes happens if fails to load print preview, maybe when the content to print is quite big (i noticed it only with Chrome while same page prints perfeclty in Firefox, however i dont exclude it might happen in Firefox or other browsers too). The best way i found is to run the print (and close) only after windows is loaded', '', '', '', '', 1, 1, 1537498559, 1537857869, 4, 0, 0, '', '', 'tam nhin su menh', '', '', 3, '', '', 0, 0, 0, '', 0, '', '', '', '', '', '', '', '', '', '', ''),
(203, 0, 0, 0, 0, 0, 0, 0, 'chuong-trinh-khuyen-mai', 'qc2-9028.jpg', 'qc2-9028_600x600.jpg', 'Khuyến mãi tháng 9', 'khuyen-mai-thang-9', '', '', '', '<p>Với mạng lưới chi nhánh phân phối rộng khắp trên cả nước chúng tôi luôn sãn sàng phục vụ quý khách hàng mọi lúc, Với mạng lưới chi nhánh phân phối rộng khắp trên cả nước chúng tôi luôn sãn sàng phục vụ quý khách hàng mọi lúc, mọi...</p>\r\n', '', '', '', '', 1, 1, 1538462727, 1542855700, 4, 0, 0, '', '', 'khuyen mai thang 9', '', '', 8, '', '', 0, 0, 0, '', 0, '', '', '', '', '', '', '', '', '', '', ''),
(204, 0, 0, 0, 0, 0, 0, 0, 'hoi-dap', 'photo14876402284787a32e30a9e40-5626.jpg', 'photo14876402284787a32e30a9e40-5626_412x525.jpg', 'Làm sao để mua được những sản phẩm khuyến mãi ?', 'lam-sao-de-mua-duoc-nhung-san-pham-khuyen-mai-', '', '', '', 'Với mạng lưới chi nhánh phân phối rộng khắp trên cả nước chúng tôi luôn sãn sàng phục vụ quý khách hàng mọi lúc, mọi... Với mạng lưới chi nhánh phân phối rộng khắp trên cả nước chúng tôi luôn sãn sàng phục vụ quý khách hàng mọi lúc, mọi...', '', '', '', '', 1, 1, 1538462770, 0, 1, 0, 0, '', '', 'lam sao de mua duoc nhung san pham khuyen mai ', '', '', 8, '', '', 0, 0, 0, '', 0, '', '', '', '', '', '', '', '', '', '', ''),
(246, 81, 0, 0, 0, 1, 0, 0, 'san-pham', 'z1190570749888753e31026ac660c15c9070e3377170c0-2655.jpg', 'z1190570749888753e31026ac660c15c9070e3377170c0-2655_480x480.jpg', 'DỰ ÁN CHUNG CƯ A', 'du-an-chung-cu-a', '', '', '', '', '', '', '', '', 1, 1, 1543398493, 1543398512, 0, 0, 0, '', '', 'du an chung cu a', '', '', 3, '', '', 0, 500000, 530000, '', 0, '', '', '', '', '', '', '', '', '', '', ''),
(247, 81, 0, 0, 0, 1, 0, 0, 'san-pham', 'z1190570751932f6dee30f86667f7b2cf5b92254cc10ce-6596.jpg', 'z1190570751932f6dee30f86667f7b2cf5b92254cc10ce-6596_480x480.jpg', 'TRUNG TÂM THƯƠNG MẠI', 'trung-tam-thuong-mai', '', '', '', '', '', '', '', '', 1, 1, 1543398545, 0, 0, 0, 0, '', '', 'trung tam thuong mai', '', '', 3, '', '', 0, 500000, 530000, '', 0, '', '', '', '', '', '', '', '', '', '', ''),
(248, 0, 0, 0, 0, 1, 0, 0, 'san-pham', 'z1190570749214ac32872f1d6f82d79d102fdda2442923-4167.jpg', 'z1190570749214ac32872f1d6f82d79d102fdda2442923-4167_480x480.jpg', 'CẦU THANG', 'cau-thang', '', '', '', '', '', '', '', '', 1, 1, 1543398784, 1543502509, 10, 0, 0, '', '', 'cau thang', '', '', 3, '', '', 0, 500000, 530000, '', 0, '', '', '', '', '', '', '', '', '', '', ''),
(249, 0, 0, 0, 0, 1, 0, 0, 'san-pham', 'z1190570758937226a4e781127d695cef1bb7a85c58669-5490.jpg', 'z1190570758937226a4e781127d695cef1bb7a85c58669-5490_480x480.jpg', 'TRẦN THẠCH CAO NHÀ PHỐ', 'tran-thach-cao-nha-pho', '', '', '', '', '', '', '', '', 1, 1, 1543398843, 1543502578, 0, 0, 0, '', '', 'tran thach cao nha pho', '', '', 3, '', '', 0, 500000, 530000, '', 0, '', '', '', '', '', '', '', '', '', '', ''),
(250, 0, 0, 0, 0, 1, 0, 0, 'san-pham', 'z11905715074631f43a287050b751d6d03934c2bf46131-8529.jpg', 'z11905715074631f43a287050b751d6d03934c2bf46131-8529_480x480.jpg', 'LAN CAN', 'lan-can', '', '', '', '', '', '', '', '', 1, 1, 1543398888, 1543418072, 13, 0, 0, '', '', 'lan can', '', '', 3, '', '', 0, 500000, 530000, '', 0, '', '', '', '', '', '', '100', 'Lan can', '', '123 phan văn trị, gò vấp', ''),
(239, 0, 0, 0, 0, 1, 1, 0, 'dich-vu', 'z11905715074631f43a287050b751d6d03934c2bf46131-4260.jpg', 'z11905715074631f43a287050b751d6d03934c2bf46131-4260_480x480.jpg', 'HÀNH LANG, HÀNG RÀO', 'hanh-lang-hang-rao', '', '', '', 'Nhận làm hàng rào, cổng , lan cang. Giúp ngôi nhà bạn thêm kiêng cố và thẩm mỹ\r\n', '', '', '', '', 1, 1, 1543065519, 1543415645, 4, 0, 0, '', '', 'hanh lang hang rao', '', '', 3, '', '', 0, 0, 0, '', 0, '', '', '', '', '', '', '', '', '', '', ''),
(241, 0, 0, 0, 0, 1, 1, 0, 'dich-vu', 'z1191727684443b3c638ddf80be38b5622250c5d6ad347-5675.jpg', 'z1191727684443b3c638ddf80be38b5622250c5d6ad347-5675_480x480.jpg', 'SỬA CHỮA NHÀ DỊP TẾT', 'sua-chua-nha-dip-tet', '', '', '', 'Nhằm phục vụ nhu cầu tăng cao dịp tết, Hoàng Minh Lợi cung cấp dịch vụ sửa chữa, tân trang nhà. Với dịch vụ chất lượng, giá cả hợp lý, Hoàng Minh Lợi sẽ là lựa chọn tốt nhất cho bạn.', '<p><span style="color:#FF0000;"><span style="font-size:18px;"><strong>Sửa chữa nhà dịp cuối năm đón Tết thì nên chọn đơn vị nào?</strong></span></span><br />\r\nTân trang nhà ở là việc đương nhiên mà bất cứ gia đình nào cũng cần chuẩn bị mỗi khi Tết đến. Nhằm tạo cho mái ấm của mình một diện mạo khang trang thì việc sửa chữa cần có thời gian và tỉ mỉ. Vậy trong thời gian cận Tết thế này thì có nên sửa chữa hay không? Và nếu cần thiết phải sửa chữa thì nên chọn đơn vị nào cho kịp tiến độ?</p>\r\n\r\n<p><span style="color:#0000CD;"><strong>1. Có nên sửa chữa nhà vào thời gian cận Tết?</strong></span><br />\r\nCuối năm là khoảng thời gian mọi người phải gấp rút hoàn thiện mọi thứ để chuẩn bị cho một năm mới. Đa phần chủ đầu tư rất ngại làm nhà cuối năm vì sợ không kịp thời gian. Lời khuyên mà HOÀNG MINH LỢI dành cho khách hàng là nên ước lượng khối lượng công việc. Với những sửa chữa vừa và nhỏ thì hoàn toàn có thể hoàn thành trước Tết. Ngược lại, những dự án sửa chữa lớn hoặc đập đi xây mới cần nhiều thời gian thì nên để sang năm hẳn làm.</p>\r\n\r\n<p><span style="color:#FF8C00;">Nên hay không sửa chữa nhà vào thời gian cận Tết?</span></p>\r\n\r\n<p>Nhìn chung nếu việc sửa chữa có thể làm kịp tiến độ trước Tết thì việc sửa chữa nhà hoàn toàn là điều cần thiết. Người ta hay nói “an cư lạc nghiệp”, việc tân trang mái ấm khang trang đón Tết sẽ mang lại 1 năm mới, 1 khởi đầu mới đầy tốt đẹp.</p>\r\n\r\n<p><span style="color:#0000CD;"><strong>2. Đơn vị thi công sửa chữa nhà uy tín tại TP. HCM</strong></span><br />\r\nỞ TP. HCM không thiếu các công ty hoạt động về lĩnh vực xây dựng và sửa chữa. Vậy tiêu chí nào để đánh giá rằng đó là một đơn vị uy tín và đáng tin cậy?</p>\r\n\r\n<p><br />\r\n<span style="color:#FF0000;"><strong>HOÀNG MINH LỢI</strong></span> chuyên nhận sửa chữa nhà nhanh chóng và chất lượng </p>\r\n\r\n<p><br />\r\nSự khác biệt đến bất ngờ sau khi hoàn thiện việc sửa chữa </p>\r\n\r\n<p>– Khảo sát tận nơi và tư vấn tận tình hoàn toàn miễn phí<br />\r\n– Luôn đặt lợi ích và kinh tế của chủ nhà lên hàng đầu<br />\r\n– Thi công nhanh chóng, có giám sát theo dõi đôn đốc thợ xây<br />\r\n– Giá cả phù hợp túi tiền và chất lượng đảm bảo</p>\r\n\r\n<p>Nếu bạn cần một đơn vị đáp ứng đầy đủ tất cả những yếu tố trên thì <strong style="color: rgb(255, 0, 0);">HOÀNG MINH LỢI</strong> rất sẵn lòng phục vụ cho bạn. Với đội ngũ kỹ sư và thợ xây lành nghề, nhiều kinh nghiệm chúng tôi luôn sẵn sàng phục vụ khách hàng mọi thời điểm.</p>\r\n', '', '', '', 1, 1, 1543065914, 1543504880, 4, 0, 0, '', '', 'sua chua nha dip tet', '', '', 3, '', '', 0, 0, 0, '', 0, '', '', '', '', '', '', '', '', '', '', '');
INSERT INTO `table_baiviet` (`id`, `id_list`, `id_cat`, `id_item`, `id_sub`, `noibat`, `moinhat`, `top_nb`, `type`, `photo`, `thumb`, `ten_vi`, `tenkhongdau`, `title`, `keywords`, `description`, `mota_vi`, `noidung_vi`, `ten_en`, `mota_en`, `noidung_en`, `stt`, `hienthi`, `ngaytao`, `ngaysua`, `luotxem`, `top_menu`, `bottom_menu`, `thongtin_vi`, `thongtin_en`, `text_search`, `tags`, `tagskhongdau`, `adminup`, `sokyhieu`, `ngaybanhanh`, `id_loai`, `giaban`, `giacu`, `masp`, `id_thuonghieu`, `khuyenmai_vi`, `khuyenmai_en`, `thongso_vi`, `thongso_en`, `bg_content`, `id_trangthai`, `dientich`, `hangmuc`, `bando`, `vitri`, `chuduan`) VALUES
(242, 0, 0, 0, 0, 1, 1, 0, 'dich-vu', 'z11905707579490fe98325460ccf29d13537855bc9f8b7-3133.jpg', 'z11905707579490fe98325460ccf29d13537855bc9f8b7-3133_480x480.jpg', 'LÀM TRẦN THẠCH CAO', 'lam-tran-thach-cao', '', '', '', 'Chúng tôi chuyên thi công các công trình liên quan đến Thạch Cao như: Các loại trần Thạch cao, các loại vách ngăn bằng thạch cao ), các loại gờ chỉ, phào, phù điêu, tranh, tượng Thạch Cao ........', '<p style="text-align: justify;"><strong style="color: rgb(255, 0, 0);">GIÁ CẢ CẠNH TRANH LÀ MỤC TIÊU CỦA CHÚNG TÔI</strong></p>\r\n\r\n<p style="text-align: justify;">Chúng tôi chuyên thi công các công trình liên quan đến Thạch Cao như: Các loại trần Thạch cao (trần nổi, trần chìm, trần giật cấp các loại theo yêu cầu), các loại vách ngăn bằng thạch cao (vách 1 mặt, 2 mặt), các loại gờ chỉ, phào, phù điêu, tranh, tượng Thạch Cao ........</p>\r\n\r\n<p style="text-align: justify;">Bên cạnh với mục đích cách âm giảm tiếng ồn ở bên trong cũng như bên ngoài, doanh nghiệp và cá nhân còn dùng trần vách ngăn thạch cao để chống lại tác động của thời tiết như độ ẩm, nhiệt độ … những tính năng, ưu điểm vượt trội cùng với tính chất rất đặc trưng của thạch cao mang tới bức tường làm bằng thạch cao nhẹ nhưng vững chắc hơn tường xi măng, tường gạch và linh hoạt đối với việc bố trí về không gian nội thất …</p>\r\n\r\n<p style="text-align: justify;">Việc thi công, thiết kế vách ngăn thạch cao đơn giản, dễ dàng thay mới và sửa chữa. Các yếu tố đủ thấy được thi công, lắp đặt vách ngăn thạch cao là một sự lựa chọn hoàn hảo và thông minh dành cho mọi ngôi nhà.</p>\r\n\r\n<p style="text-align: justify;"><span style="color:#FF0000;"><strong>THI CÔNG TẤT CẢ CÁC HẠNG MỤC SỬA CHỮA MÀ QUÍ KHÁCH CÓ NHU CẦU </strong></span></p>\r\n\r\n<p style="text-align: justify;">Bảng báo giá Trần thạch cao của <strong style="color: rgb(0, 0, 255);">HOÀNG MINH LỢI </strong>là rất sát và cạnh tranh nhất thị trường, thực tế khi thi công sửa chữa nhà sẽ có chênh lệch một tí về giá tùy thuộc vào quy mô của công trình và một số yêu cầu đặc biệt từ phía khách hàng.</p>\r\n\r\n<p style="text-align: justify;"><span style="color:#FF0000;"><strong> NHỮNG ƯU ĐIỂM MÀ CHÚNG TÔI MANG ĐẾN CHO KHÁCH HÀNG:</strong></span></p>\r\n\r\n<p style="text-align: justify;"><strong>Thứ nhất:</strong>  Đội ngũ kỹ sư, kiến trúc sư kinh nghiệm lâu năm, tốt nghiệp những trường Đại học đứng đầu trong ngành sẽ đưa ra những giải pháp, ý tưởng thiết kế, kỹ thuật thi công sẽ giúp cho Quý Khách hàng cảm nhận sự thú vị về kiến trúc và tiết kiệm về chi phí cũng như chất lượng của công trình.</p>\r\n\r\n<p style="text-align: justify;"><strong>Thứ hai</strong>: Chúng tôi liên kết với hệ thông vật tư đạt tiêu chuẩn về chất lượng, đảm bảo với khách hàng rằng giá cả sẽ rẻ hơn  những nơi khác từ 20-30% cho nên chúng tôi cam kết giá sửa chữa nhà sẽ là giá tốt nhât và không thể tìm được từ Công ty khác</p>\r\n\r\n<p style="text-align: justify;"><strong>Thứ ba</strong>: <strong style="color: rgb(0, 0, 255);">HOÀNG MINH LỢI</strong> chúng tôi thi công tất cả những hạn mục mà khách hàng yêu cầu, kết hợp với hệ thống quản lý chặt chẽ của đội ngũ kĩ sư thi công  nên thời gian công trình sẽ đáp ứng đúng tiến độ và tiết kiệm nhiều thời gian và giảm thiểu nỗi lo cho Khách hàng</p>\r\n\r\n<p style="text-align: justify;"><strong>Thứ tư</strong>: Dịch vụ sửa nhà của chúng tôi thi công tất cả các công trình lớn, nhỏ không phân biệt diện tích hay mức độ khó như thế nào. Với tiêu chí sự tin tưởng của bạn là thành công của chúng tôi</p>\r\n\r\n<p style="text-align: justify;"><strong>Thứ năm</strong>: Chế độ bảo hành công trình từ 1 năm trở lên đi kèm với chương trình thiết kế free, tư vấn nhiệt tình để mang lại cho Quý khách chi phí hợp lý nhất</p>\r\n\r\n<p style="text-align: justify;"><strong>Thứ sáu</strong>: Đội thợ chuyên nghiệp, đa năng, xử lý tình huống, xử lý công việc tốt, nhiệt tình, thật thà chất phác. Và đây là một trong những nhân tố quan trọng giúp cho <strong style="color: rgb(0, 0, 255);">HOÀNG MINH LỢI</strong> tạo được uy tin trên thị trường và nhân được niềm tin của Quý khách hàng trong thời gian qua. </p>\r\n\r\n<p style="text-align: justify;">Đó là những ưu điểm tiêu biểu, Công ty chúng tôi còn nhiều thế mạnh khác nữa. Và để hiểu rõ hơn về <span style="color:#0000FF;"><strong>HOÀNG MINH LỢI</strong></span> và cũng như tạo cơ hội để cho Chúng tôi thể hiện những hoài bão ước mơ về những ngôi nhà đẹp vui lòng liên hệ với chúng tôi ngay.</p>\r\n\r\n<p> </p>\r\n', '', '', '', 1, 1, 1543065931, 1544413232, 11, 0, 0, '', '', 'lam tran thach cao', '', '', 3, '', '', 0, 0, 0, '', 0, '', '', '', '', '', '', '', '', '', '', ''),
(253, 70, 0, 0, 0, 1, 0, 0, 'san-pham', 'z1190570749298e39e057510551d66dd21a60579da5131-2375.jpg', 'z1190570749298e39e057510551d66dd21a60579da5131-2375_480x420.jpg', 'CHO THUÊ CĂN HỘ QUẬN 12', 'cho-thue-can-ho-quan-12', '', '', '', '', '', '', '', '', 1, 1, 1543416738, 1543416897, 0, 0, 0, '', '', 'cho thue can ho quan 12', '', '', 3, '', '', 0, 500000, 530000, '', 0, '', '', '', '', '', '', '70', '', '', 'chung cư Hiệp Thành, Quận 12', ''),
(254, 70, 0, 0, 0, 1, 0, 0, 'san-pham', 'z1190570749888753e31026ac660c15c9070e3377170c0-915.jpg', 'z1190570749888753e31026ac660c15c9070e3377170c0-915_480x420.jpg', 'CHO THUÊ CĂN HỘ ABC ', 'cho-thue-can-ho-abc', '', '', '', '', '', '', '', '', 1, 1, 1543416851, 1543416864, 10, 0, 0, '', '', 'cho thue can ho abc', '', '', 3, '', '', 0, 500000, 530000, '', 0, '', '', '', '', '', '', '50', '', '', 'Chung cư ABC Phan VĂn trị , Gò Vấp', ''),
(252, 71, 0, 0, 0, 1, 0, 0, 'san-pham', '087210318353-2945.jpg', '087210318353-2945_480x420.jpg', 'BÁN NHÀ 9X18M, HẺM 8M, ', 'ban-nha-9x18m-hem-8m', '', '', '', '', '<p style="box-sizing: border-box; margin: 0px; padding: 0px; font-family: Arial, Helvetica, sans-serif;">-- Bán nhà đường tô hiệu, 4.15x15m 5 tầng ST Giá 5.9 tỉ TL</p>\r\n\r\n<p style="box-sizing: border-box; margin: 0px; padding: 0px; font-family: Arial, Helvetica, sans-serif;">-- . DT: ( 4.15m x 15m) , nhà xây dựng mới, thiết kế hiện đại, 5 Phòng ngủ, tủ âm ,giường ngủ ,nước nóng, vệ sinh riêng mỗi phòng, hướng Bắc,</p>\r\n\r\n<p style="box-sizing: border-box; margin: 0px; padding: 0px; font-family: Arial, Helvetica, sans-serif;">-- Giá : 5.9 tỷ</p>\r\n\r\n<p style="box-sizing: border-box; margin: 0px; padding: 0px; font-family: Arial, Helvetica, sans-serif;">-- Lh : Nhà Đất Lộc Phát 68, 84 Tân Hương, Tân Quý, Tân Phú,</p>\r\n', '', '', '', 1, 1, 1543416648, 1545720015, 0, 0, 0, '', '', 'ban nha 9x18m hem 8m', '', '', 8, '', '', 0, 500000, 530000, '', 0, '', '', '', '', '', '', '', '', '', '', ''),
(251, 71, 0, 0, 0, 1, 0, 0, 'san-pham', '588900a-4661.jpg', '588900a-4661_480x420.jpg', 'BÁN NHÀ MTKD ĐƯỜNG ', 'ban-nha-mtkd-duong', '', '', '', 'Bán nhà MTKD đường thạch lam, P hiệp tân, Q tân phú, DT 92m Giá 10.9 tỉ ', '<p style="box-sizing: border-box; margin: 0px; padding: 0px; font-family: Arial, Helvetica, sans-serif;">-- Bán nhà MTKD đường thạch lam, P hiệp tân, Q tân phú, DT 92m Giá 10.9 tỉ </p>\r\n\r\n<p style="box-sizing: border-box; margin: 0px; padding: 0px; font-family: Arial, Helvetica, sans-serif;">-- Vị trí : nhà ở đoạn gần đường lũy bán bích , vị trí cực sung, Mua bán sầm uất, </p>\r\n\r\n<p style="box-sizing: border-box; margin: 0px; padding: 0px; font-family: Arial, Helvetica, sans-serif;">-- Hiện trạng C4, hướng đông bắc</p>\r\n\r\n<p style="box-sizing: border-box; margin: 0px; padding: 0px; font-family: Arial, Helvetica, sans-serif;">-- Giao thông thuận tiện đi các quận trung, gần trường học cấp 1-2-3, chợ , và nhiều tiện ít sung quanh khác, </p>\r\n\r\n<p style="box-sizing: border-box; margin: 0px; padding: 0px; font-family: Arial, Helvetica, sans-serif;">-- Lh : Anh Hiền, Nhà Đất Lộc Phát 68</p>\r\n', '', '', '', 1, 1, 1543416055, 1545720019, 16, 0, 0, '', '', 'ban nha mtkd duong', '', '', 8, '', '', 0, 500000, 530000, '', 0, '', '', '', '', '', '', '', '', '', '', ''),
(230, 0, 0, 0, 0, 1, 0, 0, 'dich-vu', 'z119172831454324cb4c3c7dc40d8ead06afeb7a942ba9-9062.jpg', 'z119172831454324cb4c3c7dc40d8ead06afeb7a942ba9-9062_480x480.jpg', 'XÂY DỰNG NHÀ PHỐ', 'xay-dung-nha-pho', '', '', '', 'Hoàng Minh Lợi chuyên xây dựng nhà phố theo yêu cầu của khách hàng. Đội ngũ thợ lành nghề, có chuyên môn cao, cho bạn ngôi nhà hiện đại và vững trải', '', '', '', '', 1, 1, 1542794007, 1543505853, 5, 0, 0, '', '', 'xay dung nha pho', '', '', 3, '', '', 0, 0, 0, '', 0, '', '', '', '', '', '', '', '', '', '', ''),
(262, 82, 0, 0, 0, 1, 0, 0, 'san-pham', 'z119172961851403f24738c0f3a3a7f2fb67ff5878fe35-1992.jpg', 'z119172961851403f24738c0f3a3a7f2fb67ff5878fe35-1992_480x480.jpg', 'CỬA NHÔM KÍNH 1', 'cua-nhom-kinh-1', '', '', '', '', '', '', '', '', 1, 1, 1543502161, 0, 18, 0, 0, '', '', 'cua nhom kinh 1', '', '', 3, '', '', 0, 500000, 530000, '', 0, '', '', '', '', '', '', '', '', '', '', ''),
(263, 84, 0, 0, 0, 1, 0, 0, 'san-pham', 'z1191728973055a1458f7ef9ecc0c6b546b17a6691d2d8-2947.jpg', 'z1191728973055a1458f7ef9ecc0c6b546b17a6691d2d8-2947_480x480.jpg', 'PHÒNG TẮM', 'phong-tam', '', '', '', '', '', '', '', '', 1, 1, 1543502372, 1543502533, 13, 0, 0, '', '', 'phong tam', '', '', 3, '', '', 0, 500000, 530000, '', 0, '', '', '', '', '', '', '', '', '', '', ''),
(264, 0, 0, 0, 0, 1, 0, 0, 'dich-vu', 'vlxdorgchonvatlieuchomuamua-1262.jpg', 'vlxdorgchonvatlieuchomuamua-1262_480x480.jpg', 'DỊCH VỤ CHỐNG THẤM', 'dich-vu-chong-tham', '', '', '', 'Hoàng Minh Lợi cung cấp dịch vụ chống thấm, chống nứt, sụt lún', '<p style="text-align: center;"><span style="font-size:14px;"><span style="color:#FF0000;"><span style="font-size:18px;"><strong>DỊCH VỤ CHỐNG THẤM TRỌN GÓI</strong></span></span></span></p>\r\n\r\n<p><span style="font-size:14px;">Hiện nay tại Việt Nam các công trình thường bỏ hoặc làm cho có công tác chống thấm. Chính vì vậy khi công trình hoàn thiện theo thời gian các công trình hay có những biểu hiện thấm làm ố các mảng trang trí trong nhà, gây  ảnh hưởng sức khỏe người thân trong gia đình, nghiêm trọng hơn còn làm giảm kết tuổi thọ của công trình.</span></p>\r\n\r\n<p><br />\r\n<span style="font-size:14px;"><strong><span style="color:#0000FF;">Mái bị thấm, nứt kết cấu đem đến phiền toái cho gia chủ</span></strong><br />\r\nĐể sửa chữa và khắc phục vấn đề “khó chịu” này, Công ty chống thấm Việt Thái kinh nghiệm thi công trên 15 năm, trang bị thiết bị máy móc hiện đại cùng đội ngũ cán bộ kỹ thuật cùng công nhân chống thấm lành nghề, để nhằm tìm ra nguyên nhân và đưa ra các biện pháp chống thấm tối ưu nhất cho khách hàng.</span></p>\r\n\r\n<p><span style="font-size:14px;"><span style="color:#0000FF;"><strong>Các dịch vụ chống thấm trọn gói chúng tôi cung cấp:</strong></span></span></p>\r\n\r\n<p><span style="font-size:14px;">– Khảo sát, tư vấn, thiết kế, thi công chống thấm toàn diện các hạng mục công trình dân dụng và công nghiệp:<br />\r\n+  Chống thấm sàn mái bê tông sân thượng, chống thấm sàn vệ sinh, chống thấm tầng hầm, chống thấm tường đứng</span></p>\r\n\r\n<p><span style="font-size:14px;">+ Chống thấm hố thang  máy, chống thấm bể nước, bể xử lý nước thải, chống thấm ban công sê nô..</span></p>\r\n\r\n<p><span style="font-size:14px;">– Tư vấn, giám sát, cung cấp vật liệu chống thấm và hóa chất xây dựng của những hãng có thương hiệu hàng đầu thế giới</span></p>\r\n\r\n<p><span style="font-size:14px;"><span style="color:#0000FF;"><strong>Quy trình sửa chữa chống thấm bảo hành trọn đời khách hàng cần thực hiện như sau</strong></span></span></p>\r\n\r\n<p><span style="font-size:14px;">Khách hàng cần liên hệ với chúng tôi theo thông tin liện hệ để được tư vấn miễn phí qua điện thoại trước sau đó chuyển thông tin địa chỉ cũng như thông tin liện hệ để tiện chúng tôi qua khảo sát công trình miễn phí để tìm ra nguyên nhân và lên biện pháp xử lý chống thấm. Xem ngay những biện pháp chống thấm tối ưu nhất 2017 <br />\r\nSau đó cán bộ kỹ thuật đưa ra quy trình chống thấm , chi tiết báo giá vật liệu để thi công sửa chữa chống thấm một cách tốt nhất chuyển cho khách hàng<br />\r\nKhi khách hàng đồng ý với biện pháp và phương án thi công xử lý chống thấm Công ty chúng tôi đưa ra sẽ  thi công chống thấm.<br />\r\n<span style="color:#0000FF;"><strong>Các bước thi công gồm có:</strong></span></span></p>\r\n\r\n<p><span style="font-size:14px;">Kiểm tra lại chính xác nguyên nhân thấm<br />\r\nThi công khắc phục sửa chữa chống thấm theo biện pháp, vật liệu đã được đưa ra<br />\r\nThử nước kiểm tra khu vực đã thi công chống thấm<br />\r\nKhi thử nước hoàn thành không có vấn đề phát sinh tiến hành ký biên bản nghiệm thu chống thấm và ký giấy bảo hành trọn đời công trình cho khách hàng<br />\r\nBàn giao khu vực chống thấm để tiến hành hoàn thiện các hạng mục hoàn thiện nốt các công đoạn còn lại của  công trình<br />\r\nVới quy trình và biện pháp thi công sửa chữa chống thấm như trên Công ty chống thấm Việt Thái cam kết uy tín,  chất lượng , giá thành tốt nhất cho khách hàng.</span></p>\r\n\r\n<p><span style="font-size:14px;">Xin chân thành cảm ơn !</span></p>\r\n', '', '', '', 1, 1, 1543507930, 1544413215, 1, 0, 0, '', '', 'dich vu chong tham', '', '', 3, '', '', 0, 0, 0, '', 0, '', '', '', '', '', '', '', '', '', '', '');

-- --------------------------------------------------------

--
-- Structure de la table `table_baiviet_cat`
--

CREATE TABLE IF NOT EXISTS `table_baiviet_cat` (
  `id` int(11) NOT NULL AUTO_INCREMENT,
  `id_list` int(11) NOT NULL,
  `type` varchar(100) NOT NULL,
  `ten_vi` varchar(255) NOT NULL,
  `ten_en` varchar(255) NOT NULL,
  `mota_vi` text NOT NULL,
  `mota_en` text NOT NULL,
  `tenkhongdau` varchar(255) NOT NULL,
  `mota` text NOT NULL,
  `title` varchar(255) NOT NULL,
  `keywords` varchar(1024) NOT NULL,
  `description` varchar(1024) NOT NULL,
  `photo` varchar(255) NOT NULL,
  `thumb` varchar(255) NOT NULL,
  `stt` int(11) NOT NULL,
  `hienthi` int(11) NOT NULL,
  `ngaytao` int(11) NOT NULL,
  `ngaysua` int(11) NOT NULL,
  PRIMARY KEY (`id`)
) ENGINE=MyISAM  DEFAULT CHARSET=utf8 AUTO_INCREMENT=69 ;

--
-- Contenu de la table `table_baiviet_cat`
--

INSERT INTO `table_baiviet_cat` (`id`, `id_list`, `type`, `ten_vi`, `ten_en`, `mota_vi`, `mota_en`, `tenkhongdau`, `mota`, `title`, `keywords`, `description`, `photo`, `thumb`, `stt`, `hienthi`, `ngaytao`, `ngaysua`) VALUES
(1, 12, 'dich-vu', 'Chính sách giao hàng', '', '', '', 'chinh-sach-giao-hang', '', '', '', '', '', '', 1, 1, 1516949048, 0),
(3, 15, 'tin-tuc', 'Pháp luật cấp 2', 'Pháp luật cấp 2', '<p>Pháp luật cấp 2</p>\r\n', '<p>Pháp luật cấp 2</p>\r\n', 'phap-luat-cap-2', '', 'Pháp luật cấp 2', 'Pháp luật cấp 2', 'Pháp luật cấp 2', '4514shophoatuoi-8396.jpg', '4514shophoatuoi-8396_250x200.jpg', 1, 1, 1525244447, 0),
(16, 65, 'san-pham', 'Đèn chảo đá', '', '', '', 'den-chao-da', '', '', '', '', '', '', 1, 1, 1538319286, 1543061679),
(65, 71, 'san-pham', 'Đèn ốp trần Hàn Quốc', '', '', '', 'den-op-tran-han-quoc', '', '', '', '', '', '', 1, 1, 1543062771, 0),
(66, 71, 'san-pham', 'Đèn ốp trần pha lê', '', '', '', 'den-op-tran-go', '', '', '', '', '', '', 1, 1, 1543062794, 1543062822),
(67, 71, 'san-pham', 'Đèn ốp trần LED', '', '', '', 'den-op-tran-led', '', '', '', '', '', '', 1, 1, 1543062839, 0),
(20, 60, 'san-pham', 'Đèn TLC', '', '', '', 'may-ps4-cu', '', '', '', '', '', '', 1, 1, 1538319346, 1543062661),
(21, 63, 'san-pham', 'Đèn thả LED nghệ thuật', '', '', '', 'the-google-play', '', '', '', '', '', '', 1, 1, 1538319364, 1543062248),
(22, 63, 'san-pham', 'Đèn thả bàn ăn', '', '', '', 'the-itunes', '', '', '', '', '', '', 1, 1, 1538319373, 1543062235),
(23, 63, 'san-pham', 'Đèn thả thông tầng', '', '', '', 'den-tha-thong-tang', '', '', '', '', '', '', 1, 1, 1538319387, 1543062220),
(24, 63, 'san-pham', 'Đèn thả cho bé', '', '', '', 'den-tha-cho-be', '', '', '', '', '', '', 1, 1, 1538319430, 1543062199),
(25, 63, 'san-pham', 'Đèn thả Hàn Quốc', '', '', '', 'den-tha-han-quoc', '', '', '', '', '', '', 1, 1, 1538319437, 1543062186),
(64, 60, 'san-pham', 'Đèn Kosoom', '', '', '', 'den-kosoom', '', '', '', '', '', '', 1, 1, 1543062639, 0),
(68, 71, 'san-pham', 'Đèn ốp trần Acryllic', '', '', '', 'den-op-tran-acryllic', '', '', '', '', '', '', 1, 1, 1543063002, 1543063011),
(32, 49, 'san-pham', 'Đèn soi rọi', '', '', '', 'den-soi-roi', '', '', '', '', '', '', 2, 1, 1538319520, 1543061892),
(63, 64, 'san-pham', 'Đèn vách LED nghệ thuật', '', '', '', 'den-vach-led-nghe-thuat', '', '', '', '', '', '', 1, 1, 1543062581, 0),
(35, 65, 'san-pham', 'Đèn chùm nến pha lê', '', '', '', 'may-game-khac', '', '', '', '', '', '', 5, 1, 1538319540, 1543061731),
(36, 65, 'san-pham', 'Đèn chùm cổ điển', '', '', '', 'may-xbox-one', '', '', '', '', '', '', 4, 1, 1538319547, 1543061713),
(37, 65, 'san-pham', 'Đèn chùm pha lê', '', '', '', 'may-nintendo-switch', '', '', '', '', '', '', 3, 1, 1538319555, 1543061694),
(38, 65, 'san-pham', 'Đèn chùm nến đồng', '', '', '', 'Đèn chùm nến đồng', '', '', '', '', '', '', 2, 1, 1538319562, 1543061598),
(56, 64, 'san-pham', 'Đèn vách pha lê', '', '', '', 'phu-kien-pc', '', '', '', '', '', '', 4, 1, 1538319726, 1543062364),
(57, 64, 'san-pham', 'Đèn vách đồng', '', '', '', 'phu-kien-xbox-one', '', '', '', '', '', '', 3, 1, 1538319732, 1543062348),
(58, 64, 'san-pham', 'Đèn vách gỗ', '', '', '', 'phu-kien-nintendo', '', '', '', '', '', '', 2, 1, 1538319738, 1543062333),
(59, 49, 'san-pham', 'Đèn soi tranh/gương', '', '', '', 'phu-kien-ps4', '', '', '', '', '', '', 1, 1, 1538319743, 1543061985),
(60, 65, 'san-pham', 'Đèn chùm đồng đá', '', '', '', 'den-c', '', '', '', '', '', '', 6, 1, 1543061769, 0);

-- --------------------------------------------------------

--
-- Structure de la table `table_baiviet_item`
--

CREATE TABLE IF NOT EXISTS `table_baiviet_item` (
  `id` int(11) NOT NULL AUTO_INCREMENT,
  `id_list` int(11) NOT NULL,
  `id_cat` int(10) NOT NULL,
  `type` varchar(100) NOT NULL,
  `ten_vi` varchar(255) NOT NULL,
  `ten_en` varchar(255) NOT NULL,
  `mota_vi` text NOT NULL,
  `mota_en` text NOT NULL,
  `tenkhongdau` varchar(255) NOT NULL,
  `mota` text NOT NULL,
  `title` varchar(255) NOT NULL,
  `keywords` varchar(1024) NOT NULL,
  `description` varchar(1024) NOT NULL,
  `photo` varchar(255) NOT NULL,
  `thumb` varchar(255) NOT NULL,
  `stt` int(11) NOT NULL,
  `hienthi` int(11) NOT NULL,
  `ngaytao` int(11) NOT NULL,
  `ngaysua` int(11) NOT NULL,
  `ten_cn` varchar(255) NOT NULL,
  PRIMARY KEY (`id`)
) ENGINE=MyISAM  DEFAULT CHARSET=utf8 AUTO_INCREMENT=3 ;

--
-- Contenu de la table `table_baiviet_item`
--

INSERT INTO `table_baiviet_item` (`id`, `id_list`, `id_cat`, `type`, `ten_vi`, `ten_en`, `mota_vi`, `mota_en`, `tenkhongdau`, `mota`, `title`, `keywords`, `description`, `photo`, `thumb`, `stt`, `hienthi`, `ngaytao`, `ngaysua`, `ten_cn`) VALUES
(1, 12, 1, 'dich-vu', 'Xxxxx', '', '', '', 'xxxxx', '', '', '', '', 'mt1305homeheaderbg-6049.jpg', 'mt1305homeheaderbg-6049_250x200.jpg', 1, 1, 1516949058, 0, ''),
(2, 15, 3, 'tin-tuc', 'Pháp luật cấp 3', 'Pháp luật cấp 3', '<p>Pháp luật cấp 3</p>\r\n', '<p>Pháp luật cấp 3</p>\r\n', 'phap-luat-cap-3', '', 'Pháp luật cấp 3', 'Pháp luật cấp 3', 'Pháp luật cấp 3', '4514shophoatuoi-5701.jpg', '4514shophoatuoi-5701_250x200.jpg', 1, 1, 1525244516, 0, '');

-- --------------------------------------------------------

--
-- Structure de la table `table_baiviet_list`
--

CREATE TABLE IF NOT EXISTS `table_baiviet_list` (
  `id` int(11) NOT NULL AUTO_INCREMENT,
  `type` varchar(100) NOT NULL,
  `ten_vi` varchar(255) NOT NULL,
  `ten_en` varchar(255) NOT NULL,
  `name_vi` varchar(255) NOT NULL,
  `name_en` varchar(255) NOT NULL,
  `mota_vi` text NOT NULL,
  `mota_en` text NOT NULL,
  `tenkhongdau` varchar(255) NOT NULL,
  `quangcao` varchar(255) NOT NULL,
  `quangcao_thumb` varchar(255) NOT NULL,
  `links` varchar(255) NOT NULL,
  `title` varchar(255) NOT NULL,
  `keywords` varchar(225) NOT NULL,
  `description` varchar(225) NOT NULL,
  `photo` varchar(255) NOT NULL,
  `thumb` varchar(255) NOT NULL,
  `stt` int(11) NOT NULL,
  `hienthi` int(11) NOT NULL,
  `ngaytao` int(11) NOT NULL,
  `ngaysua` int(11) NOT NULL,
  `noibat` tinyint(2) NOT NULL,
  `ten_cn` varchar(255) NOT NULL,
  `mota_cn` text NOT NULL,
  `name_cn` varchar(255) NOT NULL,
  `quangcao1` varchar(255) NOT NULL,
  `quangcao1_thumb` varchar(255) NOT NULL,
  `links1` varchar(255) NOT NULL,
  `bg_title` varchar(20) NOT NULL DEFAULT '#009999',
  `qc_display` int(2) NOT NULL,
  PRIMARY KEY (`id`)
) ENGINE=MyISAM  DEFAULT CHARSET=utf8 AUTO_INCREMENT=85 ;

--
-- Contenu de la table `table_baiviet_list`
--

INSERT INTO `table_baiviet_list` (`id`, `type`, `ten_vi`, `ten_en`, `name_vi`, `name_en`, `mota_vi`, `mota_en`, `tenkhongdau`, `quangcao`, `quangcao_thumb`, `links`, `title`, `keywords`, `description`, `photo`, `thumb`, `stt`, `hienthi`, `ngaytao`, `ngaysua`, `noibat`, `ten_cn`, `mota_cn`, `name_cn`, `quangcao1`, `quangcao1_thumb`, `links1`, `bg_title`, `qc_display`) VALUES
(70, 'san-pham', 'Thuê', '', '', '', '', '', 'thue', '', '', '', '', '', '', 'combo5chobaohojpg-5821.png', 'combo5chobaohojpg-5821_300x300.png', 6, 1, 1542120939, 1545719238, 1, '', '', '', '', '', '', '#009999', 1),
(71, 'san-pham', 'Bán', '', '', '', '', '', 'ban', '', '', '', '', '', '', 'combo3chobaohojpg-4646.png', 'combo3chobaohojpg-4646_300x300.png', 7, 1, 1542120952, 1545719244, 1, '', '', '', '', '', '', '#009999', 1),
(84, 'san-pham', 'PHÒNG TẮM', '', '', '', '', '', 'phong-tam', '', '', '', '', '', '', 'combo1chobaoho-6359.jpg', 'combo1chobaoho-6359_300x300.jpg', 1, 1, 1543502315, 1545719202, 1, '', '', '', '', '', '', '#000000', 0),
(83, 'san-pham', 'NHÀ MẪU', '', '', '', '', '', 'nha-mau', '', '', '', '', '', '', 'combo2chobaoho-6631.jpg', 'combo2chobaoho-6631_300x300.jpg', 1, 1, 1543500809, 1545719219, 1, '', '', '', '', '', '', '#000000', 0),
(82, 'san-pham', 'CỬA NHÔM KÍNH', '', '', '', '', '', 'cua-nhom-kinh', '', '', '', '', '', '', 'combo3chobaohojpg-1630.png', 'combo3chobaohojpg-1630_300x300.png', 1, 1, 1543500790, 1545719225, 1, '', '', '', '', '', '', '#000000', 0),
(81, 'san-pham', 'TRẦN THẠCH CAO', '', '', '', '', '', 'tran-thach-cao', '', '', '', '', '', '', 'combo4chobaoho-5710.jpg', 'combo4chobaoho-5710_300x300.jpg', 1, 1, 1543398434, 1545719231, 1, '', '', '', '', '', '', '#000000', 0);

-- --------------------------------------------------------

--
-- Structure de la table `table_baiviet_photo`
--

CREATE TABLE IF NOT EXISTS `table_baiviet_photo` (
  `id` int(10) unsigned NOT NULL AUTO_INCREMENT,
  `id_baiviet` int(11) NOT NULL,
  `type` varchar(50) NOT NULL,
  `photo` varchar(225) NOT NULL,
  `thumb` varchar(225) NOT NULL,
  `ten` varchar(255) CHARACTER SET utf8 COLLATE utf8_unicode_ci NOT NULL,
  `mota` varchar(1024) NOT NULL,
  `stt` int(10) unsigned NOT NULL DEFAULT '1',
  `hienthi` tinyint(1) NOT NULL DEFAULT '1',
  `ngaytao` int(11) NOT NULL,
  `ngaysua` int(11) NOT NULL,
  PRIMARY KEY (`id`)
) ENGINE=MyISAM  DEFAULT CHARSET=utf8 AUTO_INCREMENT=92 ;

--
-- Contenu de la table `table_baiviet_photo`
--

INSERT INTO `table_baiviet_photo` (`id`, `id_baiviet`, `type`, `photo`, `thumb`, `ten`, `mota`, `stt`, `hienthi`, `ngaytao`, `ngaysua`) VALUES
(56, 566, 'product', '1-8195.jpg', '1-8195_600x600.jpg', '', '', 1, 1, 0, 0),
(57, 566, 'product', '2-7972.jpg', '2-7972_600x600.jpg', '', '', 2, 1, 0, 0),
(58, 566, 'product', '3-9124.jpg', '3-9124_600x600.jpg', '', '', 3, 1, 0, 0),
(59, 566, 'product', '4-864.jpg', '4-864_600x600.jpg', '', '', 4, 1, 0, 0),
(60, 566, 'product', '8-3921.jpg', '8-3921_600x600.jpg', '', '', 5, 1, 0, 0),
(61, 566, 'product', '9-7234.jpg', '9-7234_600x600.jpg', '', '', 7, 1, 0, 0),
(62, 566, 'product', '10-1757.jpg', '10-1757_600x600.jpg', '', '', 8, 1, 0, 0),
(63, 566, 'product', '11-7687.jpg', '11-7687_600x600.jpg', '', '', 10, 1, 0, 0),
(64, 566, 'product', '15-6495.jpg', '15-6495_600x600.jpg', '', '', 10, 1, 0, 0),
(65, 566, 'product', '16-3745.jpg', '16-3745_600x600.jpg', '', '', 11, 1, 0, 0),
(66, 566, 'product', '17-4204.jpg', '17-4204_600x600.jpg', '', '', 12, 1, 0, 0),
(67, 566, 'product', '18-5359.png', '18-5359_600x600.png', '', '', 31, 1, 0, 0),
(68, 576, 'constructions', 'abandonedbrokencabin4284271-9385.jpg', 'abandonedbrokencabin4284271-9385_600x600.jpg', '', '', 1, 1, 0, 0),
(69, 576, 'constructions', 'architecturaldesignarchitecturebeach4532011-3966.jpg', 'architecturaldesignarchitecturebeach4532011-3966_600x600.jpg', '', '', 2, 1, 0, 0),
(70, 576, 'constructions', 'architecturebackyardboating534171-6287.jpg', 'architecturebackyardboating534171-6287_600x600.jpg', '', '', 3, 1, 0, 0),
(71, 576, 'constructions', 'architecturefacadehome259646-1251.jpg', 'architecturefacadehome259646-1251_600x600.jpg', '', '', 4, 1, 0, 0),
(72, 576, 'constructions', 'pexelsphoto731082-9096.jpeg', 'pexelsphoto731082-9096_600x600.jpeg', '', '', 5, 1, 0, 0),
(75, 159, 'bao-gia', 'trangdiemdeptaimailisa-2167.jpg', 'trangdiemdeptaimailisa-2167_300x300.jpg', '', '', 0, 1, 0, 0),
(76, 159, 'bao-gia', 'trangdiemcodaumailisa-8853.jpg', 'trangdiemcodaumailisa-8853_300x300.jpg', '', '', 0, 1, 0, 0),
(77, 159, 'bao-gia', 'trangdiemcodau-8131.jpg', 'trangdiemcodau-8131_300x300.jpg', '', '', 0, 1, 0, 0),
(90, 263, 'du-an', 'z11917289679246218002b1110134e03c62e4641687477-642.jpg', 'z11917289679246218002b1110134e03c62e4641687477-642_480x480.jpg', '', '', 0, 1, 0, 0),
(89, 248, 'du-an', 'z1191729620124de32468116c0eb7d43ec71c4c50c7cd2-3297.jpg', 'z1191729620124de32468116c0eb7d43ec71c4c50c7cd2-3297_480x480.jpg', '', '', 0, 1, 0, 0),
(88, 262, 'du-an', 'z1191729622095f678d60484d1554a64202b5d5c756e85-7907.jpg', 'z1191729622095f678d60484d1554a64202b5d5c756e85-7907_480x480.jpg', '', '', 0, 1, 0, 0),
(86, 262, 'du-an', 'z1191729618814a0a4e06cccf0e2ed312b2aca8541d3e0-9656.jpg', 'z1191729618814a0a4e06cccf0e2ed312b2aca8541d3e0-9656_480x480.jpg', '', '', 0, 1, 0, 0),
(87, 262, 'du-an', 'z11917296193150fd5cf7605f54b92a53677127f7d83d5-8886.jpg', 'z11917296193150fd5cf7605f54b92a53677127f7d83d5-8886_480x480.jpg', '', '', 0, 1, 0, 0),
(85, 262, 'du-an', 'z119172961851403f24738c0f3a3a7f2fb67ff5878fe35-1549.jpg', 'z119172961851403f24738c0f3a3a7f2fb67ff5878fe35-1549_480x480.jpg', '', '', 0, 1, 0, 0),
(84, 262, 'du-an', 'z1191729618513a8f9a0b24d8e1acd5a9b039ea0cee254-9547.jpg', 'z1191729618513a8f9a0b24d8e1acd5a9b039ea0cee254-9547_480x480.jpg', '', '', 0, 1, 0, 0),
(91, 249, 'du-an', 'z119172831454505ce12c8604f997c6b3c02d2fd367ebf-5937.jpg', 'z119172831454505ce12c8604f997c6b3c02d2fd367ebf-5937_480x480.jpg', '', '', 0, 1, 0, 0);

-- --------------------------------------------------------

--
-- Structure de la table `table_com`
--

CREATE TABLE IF NOT EXISTS `table_com` (
  `id` int(11) NOT NULL AUTO_INCREMENT,
  `ten` varchar(255) CHARACTER SET utf8 DEFAULT NULL,
  `ten_com` varchar(100) CHARACTER SET utf8 NOT NULL,
  `act_com` varchar(100) CHARACTER SET latin1 COLLATE latin1_general_ci NOT NULL,
  `danhmuc` int(10) NOT NULL,
  `type` varchar(100) CHARACTER SET latin1 COLLATE latin1_general_ci NOT NULL,
  `act` varchar(225) CHARACTER SET latin1 COLLATE latin1_general_ci NOT NULL,
  `hienthi` tinyint(1) NOT NULL DEFAULT '1',
  `stt` int(10) NOT NULL,
  PRIMARY KEY (`id`)
) ENGINE=MyISAM DEFAULT CHARSET=utf8 COLLATE=utf8_unicode_ci AUTO_INCREMENT=1 ;

-- --------------------------------------------------------

--
-- Structure de la table `table_company`
--

CREATE TABLE IF NOT EXISTS `table_company` (
  `id` int(10) unsigned NOT NULL AUTO_INCREMENT,
  `id_cat` varchar(2) NOT NULL,
  `type` varchar(100) NOT NULL,
  `ten_vi` varchar(225) NOT NULL,
  `tenkhongdau` varchar(255) NOT NULL,
  `mota_vi` text NOT NULL,
  `noidung_vi` text NOT NULL,
  `ten_en` varchar(225) NOT NULL,
  `mota_en` text NOT NULL,
  `noidung_en` text NOT NULL,
  `title` varchar(255) NOT NULL,
  `keywords` varchar(1024) NOT NULL,
  `description` varchar(1024) NOT NULL,
  `photo` varchar(100) NOT NULL,
  `thumb` varchar(255) NOT NULL,
  `stt` int(10) unsigned NOT NULL DEFAULT '1',
  `hienthi` tinyint(1) NOT NULL DEFAULT '1',
  `ngaytao` int(10) unsigned NOT NULL DEFAULT '0',
  `ngaysua` int(10) unsigned NOT NULL DEFAULT '0',
  `ten_cn` varchar(255) NOT NULL,
  `mota_cn` text NOT NULL,
  `noidung_cn` text NOT NULL,
  PRIMARY KEY (`id`)
) ENGINE=MyISAM  DEFAULT CHARSET=utf8 AUTO_INCREMENT=6 ;

--
-- Contenu de la table `table_company`
--

INSERT INTO `table_company` (`id`, `id_cat`, `type`, `ten_vi`, `tenkhongdau`, `mota_vi`, `noidung_vi`, `ten_en`, `mota_en`, `noidung_en`, `title`, `keywords`, `description`, `photo`, `thumb`, `stt`, `hienthi`, `ngaytao`, `ngaysua`, `ten_cn`, `mota_cn`, `noidung_cn`) VALUES
(4, '', 'lienhe', '', '', '', '<p><span style="font-size: 16px;"><strong>CTY TNHH XD-TM HOÀNG MINH LỢI</strong></span></p>\r\n\r\n<p> </p>\r\n\r\n<p><strong>ĐỊA CHỈ</strong>: 114/85/3A Tô Ngọc Vân, P.15, Q. Gò Vấp, Tp.HCM</p>\r\n\r\n<p> </p>\r\n\r\n<p><strong>TEL</strong>: 0792 843 133</p>\r\n\r\n<p> </p>\r\n\r\n<p><strong>HOTLINE</strong>: 0902 413 979</p>\r\n\r\n<p> </p>\r\n\r\n<p><strong>EMAIL</strong>: Huuloi200882@gmail.com</p>\r\n\r\n<p> </p>\r\n\r\n<p><strong>WEBSITE</strong>:<span style="color:#000000;"> </span><a href="hoangminhloi.com"><span style="color:#000000;">www.hoangminhloi.com</span></a></p>\r\n', '', '', '<p>Contact</p>\r\n', '', '', '', '', '', 0, 0, 1444374706, 1543456944, '', '', ''),
(5, '', 'footer', '', '', '', '<p><strong>ĐỊA CHỈ</strong>: 114/85/3A Tô Ngọc Vân, P.15, Q. Gò Vấp, Tp.HCM</p>\r\n\r\n<p><strong>TEL</strong>: 0792 843 133</p>\r\n\r\n<p><strong>HOTLINE</strong>: 0902 413 979</p>\r\n\r\n<p><strong>EMAIL</strong>: Huuloi200882@gmail.com</p>\r\n\r\n<p><strong>WEBSITE</strong>:<a href="hoangminhloi.com"><span style="color:#FFFFFF;"> www.hoangminhloi.com</span></a></p>\r\n', '', '', '<p style="margin: 10px 0px 0px; padding: 0px; width: 645px; float: left; color: rgb(0, 0, 0); font-family: Arial;"><span style="margin: 0px; padding: 0px; font-size: 16px;">Address: 931/28 Road 2, KP8, Tri Dong A Ward, Binh Tan District, Ho Chi Minh City</span></p>\r\n\r\n<p style="margin: 10px 0px 0px; padding: 0px; width: 645px; float: left; color: rgb(0, 0, 0); font-family: Arial;"><span style="margin: 0px; padding: 0px; font-size: 16px;">Hotline: 0917277643 - 0985740673</span></p>\r\n\r\n<p style="margin: 10px 0px 0px; padding: 0px; width: 645px; float: left; color: rgb(0, 0, 0); font-family: Arial;"><span style="margin: 0px; padding: 0px; font-size: 16px;">Website: thanhdatcashewmachine.com</span></p>\r\n\r\n<p style="margin: 10px 0px 0px; padding: 0px; width: 645px; float: left; color: rgb(0, 0, 0); font-family: Arial;"><span style="margin: 0px; padding: 0px; font-size: 16px;">Email: nhu.mhy@gmail.com</span></p>\r\n', '', '', '', '', '', 0, 0, 1444374721, 1543458120, '', '', '');

-- --------------------------------------------------------

--
-- Structure de la table `table_contact`
--

CREATE TABLE IF NOT EXISTS `table_contact` (
  `id` int(10) unsigned NOT NULL AUTO_INCREMENT,
  `stt` int(10) unsigned NOT NULL DEFAULT '1',
  `ten` varchar(255) NOT NULL,
  `diachi` varchar(255) NOT NULL,
  `dienthoai` varchar(100) NOT NULL,
  `email` varchar(100) NOT NULL,
  `tieude` varchar(255) NOT NULL,
  `noidung` text NOT NULL,
  `ghichu` text NOT NULL,
  `view` int(10) NOT NULL,
  `hienthi` tinyint(1) NOT NULL DEFAULT '1',
  `ngaytao` int(11) NOT NULL,
  PRIMARY KEY (`id`)
) ENGINE=MyISAM  DEFAULT CHARSET=utf8 AUTO_INCREMENT=7 ;

--
-- Contenu de la table `table_contact`
--

INSERT INTO `table_contact` (`id`, `stt`, `ten`, `diachi`, `dienthoai`, `email`, `tieude`, `noidung`, `ghichu`, `view`, `hienthi`, `ngaytao`) VALUES
(6, 0, '', '123123', '0933656651', '123123@gmail.com', '123123123', '123123123', '', 0, 1, 1525923520);

-- --------------------------------------------------------

--
-- Structure de la table `table_counter`
--

CREATE TABLE IF NOT EXISTS `table_counter` (
  `id` int(11) NOT NULL AUTO_INCREMENT,
  `tm` int(11) NOT NULL,
  `ip` varchar(16) NOT NULL DEFAULT '0.0.0.0',
  PRIMARY KEY (`id`)
) ENGINE=MyISAM DEFAULT CHARSET=utf8 AUTO_INCREMENT=1 ;

-- --------------------------------------------------------

--
-- Structure de la table `table_dangkytruoc`
--

CREATE TABLE IF NOT EXISTS `table_dangkytruoc` (
  `id` int(11) NOT NULL AUTO_INCREMENT,
  `id_product` int(11) NOT NULL,
  `hoten` varchar(255) COLLATE utf8_unicode_ci NOT NULL,
  `email` varchar(255) COLLATE utf8_unicode_ci NOT NULL,
  `dienthoai` varchar(20) COLLATE utf8_unicode_ci NOT NULL,
  `ngaytao` int(11) NOT NULL,
  `hienthi` int(11) NOT NULL,
  `ngaysua` int(11) NOT NULL,
  `stt` int(11) NOT NULL,
  `active` int(11) NOT NULL,
  PRIMARY KEY (`id`)
) ENGINE=MyISAM  DEFAULT CHARSET=utf8 COLLATE=utf8_unicode_ci AUTO_INCREMENT=4 ;

--
-- Contenu de la table `table_dangkytruoc`
--

INSERT INTO `table_dangkytruoc` (`id`, `id_product`, `hoten`, `email`, `dienthoai`, `ngaytao`, `hienthi`, `ngaysua`, `stt`, `active`) VALUES
(1, 235, 'Nguyễn Nhân Sinh', 'ngththanglytc@gmail.com', '0933526651', 1542861518, 0, 0, 0, 0),
(2, 235, 'Nguyễn Nhân Sinh', 'ngththanglytc@gmail.com', '0933526651', 1542861778, 0, 0, 0, 0),
(3, 235, 'Nguyễn Thành Nhân', 'ngththanglytc@gmail.com', '0903877651', 1542862222, 0, 0, 0, 0);

-- --------------------------------------------------------

--
-- Structure de la table `table_gia`
--

CREATE TABLE IF NOT EXISTS `table_gia` (
  `id` int(10) unsigned NOT NULL AUTO_INCREMENT,
  `ten_vi` varchar(225) NOT NULL,
  `ten_en` varchar(255) NOT NULL,
  `tenkhongdau` varchar(255) NOT NULL,
  `type` varchar(255) NOT NULL,
  `giatu` int(20) NOT NULL,
  `giaden` double NOT NULL,
  `stt` int(10) unsigned NOT NULL DEFAULT '1',
  `hienthi` tinyint(1) NOT NULL DEFAULT '1',
  `ngaytao` int(10) unsigned NOT NULL DEFAULT '0',
  `ngaysua` int(10) unsigned NOT NULL DEFAULT '0',
  PRIMARY KEY (`id`)
) ENGINE=MyISAM DEFAULT CHARSET=utf8 AUTO_INCREMENT=1 ;

-- --------------------------------------------------------

--
-- Structure de la table `table_hoidap`
--

CREATE TABLE IF NOT EXISTS `table_hoidap` (
  `id` int(10) unsigned NOT NULL AUTO_INCREMENT,
  `ten` varchar(225) NOT NULL,
  `mota` text NOT NULL,
  `noidung` longtext NOT NULL,
  `noidung_traloi` longtext NOT NULL,
  `email` varchar(225) NOT NULL,
  `dienthoai` varchar(225) NOT NULL,
  `stt` int(10) unsigned NOT NULL DEFAULT '1',
  `hienthi` tinyint(1) NOT NULL DEFAULT '1',
  `ngaytao` int(10) unsigned NOT NULL DEFAULT '0',
  `ngaysua` int(10) unsigned NOT NULL DEFAULT '0',
  `luotxem` int(10) NOT NULL,
  PRIMARY KEY (`id`)
) ENGINE=MyISAM  DEFAULT CHARSET=utf8 AUTO_INCREMENT=2 ;

--
-- Contenu de la table `table_hoidap`
--

INSERT INTO `table_hoidap` (`id`, `ten`, `mota`, `noidung`, `noidung_traloi`, `email`, `dienthoai`, `stt`, `hienthi`, `ngaytao`, `ngaysua`, `luotxem`) VALUES
(1, 'Nguyễn Thành Thắng', '', 'Hôm nay có được website nào chưa', '<p>Hôm nay có được website nào chưa</p>\r\n', 'thanhthangnina@gmail.com', '0903911070', 1, 1, 1525248016, 0, 0);

-- --------------------------------------------------------

--
-- Structure de la table `table_info`
--

CREATE TABLE IF NOT EXISTS `table_info` (
  `id` int(10) unsigned NOT NULL AUTO_INCREMENT,
  `id_cat` varchar(2) NOT NULL,
  `type` varchar(100) NOT NULL,
  `ten_vi` varchar(225) NOT NULL,
  `tenkhongdau` varchar(255) NOT NULL,
  `mota_vi` text NOT NULL,
  `noidung_vi` text NOT NULL,
  `ten_en` varchar(225) NOT NULL,
  `mota_en` text NOT NULL,
  `noidung_en` text NOT NULL,
  `title` varchar(255) NOT NULL,
  `keywords` varchar(1024) NOT NULL,
  `description` varchar(1024) NOT NULL,
  `photo` varchar(100) NOT NULL,
  `thumb` varchar(255) NOT NULL,
  `stt` int(10) unsigned NOT NULL DEFAULT '1',
  `hienthi` tinyint(1) NOT NULL DEFAULT '1',
  `ngaytao` int(10) unsigned NOT NULL DEFAULT '0',
  `ngaysua` int(10) unsigned NOT NULL DEFAULT '0',
  `ten_cn` varchar(255) NOT NULL,
  `mota_cn` text NOT NULL,
  `noidung_cn` text NOT NULL,
  PRIMARY KEY (`id`)
) ENGINE=MyISAM  DEFAULT CHARSET=utf8 AUTO_INCREMENT=17 ;

--
-- Contenu de la table `table_info`
--

INSERT INTO `table_info` (`id`, `id_cat`, `type`, `ten_vi`, `tenkhongdau`, `mota_vi`, `noidung_vi`, `ten_en`, `mota_en`, `noidung_en`, `title`, `keywords`, `description`, `photo`, `thumb`, `stt`, `hienthi`, `ngaytao`, `ngaysua`, `ten_cn`, `mota_cn`, `noidung_cn`) VALUES
(4, '', 'lienhe', '', '', '', '<p>lien he</p>\r\n', '', '', '<p>lien he</p>\r\n', '', '', '', '', '', 0, 0, 1444374572, 1444374636, '', '', ''),
(8, '', 'gioi-thieu', 'Công ty đèn trang trí Apec Lighting', 'cong-ty-den-trang-tri-apec-lighting', 'Công ty đèn trang trí Apec Lighting', '<p>Công ty đèn trang trí Apec Lighting Công ty đèn trang trí Apec Lighting</p>\r\n', 'Welcome to THANH LONG RUBBER INDUSTRies', '<p>CHÀO MỪNG QUÝ KHÁCH ĐẾN VỚI GIỜ VÀNG</p>\r\n\r\n<p>Lời đầu tiên chúng tôi kinh chúc quý khách thành công trong kinh doanh và hạnh phúc trong cuộc sống. Mỹ Quyên là một công ty chuyên thiết kế thi công xây dựng và sửa chữa các công trình, nhà ở mang tính chuyên nghiệp.</p>\r\n\r\n<hr />\r\n<p>Để đáp ứng kịp thời sự phát triển của đất nước, Ban lãnh đạo Công ty Mỹ Quyên đã không ngừng nổ lực đưa ra những chính sách mới nhằm mở rộng lĩnh vực hoạt động và kinh doanh của Công ty. Với phương châm “ chất lượng tốt, đẳng cấp cao, dịch vụ hoàn hảo, giá cả hợp lý”. Với hệ thống trang thiết bị được đầu tư hiện đại cùng với đội ngũ nhân viên, kỹ thuật viên chuyên nghiệp, lành nghề Công ty chúng tôi không những đem đến cho quý khách hàng những công trình chất lượng cao mà còn là bạn đồng hành của quý vị trên suốt chặng đường phát triển. Mỹ Quyên không ngừng hoàn thiện, nâng cao trình độ và năng lực để đáp ứng tốt nhất cho tất cả các nhu cầu của khách hàng để đáp lại niềm tin khi mà quý khách đã tín nhiệm và lựa chọn các dịch vụ của chúng tôi. </p>\r\n\r\n<p style="line-height: 20.8px;"> </p>\r\n\r\n<p style="line-height: 20.8px;"> </p>\r\n\r\n<p style="line-height: 20.8px;"> </p>\r\n', '<p>THANH LONG RUBBER INDUSTRIES is in the rubber business since 1990. We have been trading natural rubber through out Vietnam to China. Our first natural rubber processing factory was established in 1999 with capacity of 20,000 tons/year, business trading volume of 24,000 tons/year.</p>\r\n', 'Giới thiệu', 'Giới thiệu', 'Tọa lạc tại Tô Hiến Thành', 'anhcuoi-1537.png', 'anhcuoi-1537_600x600.png', 0, 0, 1447211577, 1543114181, 'a', '', ''),
(16, '', 'dieu-khoan-su-dung', 'Công ty đèn trang trí Apec Lighting', 'cong-ty-den-trang-tri-apec-lighting', '', '', '', '', '', '', '', '', '', '', 1, 0, 1542979262, 0, '', '', ''),
(9, '', 'phu-tung', 'PHỤ TÙNG YANMAR CHÍNH HÃNG', 'phu-tung-yanmar-chinh-hang', '<p>Chúng tôi là nhà cung cấp thiết bị, phụ tùng chính hãng của YANMAR, CUMMINS, DOOSANS, MITSUBISHI,..., Với mạng lưới chi nhánh phân phối rộng khắp trên cả nước chúng tôi luôn sãn sàng phục vụ quý khách hàng mọi lúc, mọi nơi. Các dòng sản phẩm chúng tôi cung cấp ra thị trường hiện tại phục vụ cho nhu cầu thay thế sửa chữa, máy móc tàu thủy, máy xây dựng, máy nông nghiệp, máy phát điện, và các máy móc công nghiệp khác. Bằng việc hợp tác với các nhà cung cấp hàng đầu thế giới cùng đội ngũ nhân viên chuyên nghiệp , nhiệt tình chúng tôi hy vọng sẽ mang những sản phẩm tốt nhất, uy tín chất lượng cao tới tay người tiêu dùng.</p>\r\n', '', '', '', '', '', '', '', '172225exciter13-3714.jpg', '172225exciter13-3714_295x195.jpg', 1, 0, 1509356402, 0, '', '', ''),
(10, '', 'cach-thuc-thanh-toan', 'Cách thức thanh toán', 'cach-thuc-thanh-toan', '', '<p>- Thanh toán trực tiếp:<br />\r\nKhi nhận hàng, Quý khách vui lòng thanh toán trực tiếp cho người giao hàng của Men Fashion<br />\r\n- Chuyển khoản:<br />\r\nMen Fashion<br />\r\nSTK: 100200300400<br />\r\nChi nhánh ngân hàng nhà nước việt nam</p>\r\n', '', '', '', '', '', '', '', '', 0, 0, 1536328048, 1536328541, '', '', ''),
(11, '', 'cach-thuc-giao-hang', 'Cách thức giao hàng', 'cach-thuc-giao-hang', '', '<p>- Giao hàng dịch vụ tận nơi<br />\r\nMiễn phí ship cho những đơn hàng trên 500.000 vnđ<br />\r\nKhu vực Tp. HCM giao trong ngày<br />\r\nNgoài khu vực giao hàng từ 2 ~ 7 ngày<br />\r\n- Nhận hàng tại cửa hàng<br />\r\nQuý khách đặt hàng vui lòng đến cửa hàng nhận hàng các ngày trong tuần từ  T2 - CN thời gian từ 8:00 đến 22:00</p>\r\n', '', '', '', '', '', '', '', '', 1, 0, 1536328067, 0, '', '', ''),
(12, '', 'tra-cuu-cung-menh', 'Tra cứu cung mệnh', 'tra-cuu-cung-menh', '', '<p style="box-sizing: border-box; margin: 0px 0px 20px; line-height: 24px; color: rgb(17, 17, 17); font-family: Helvetica, sans-serif; font-size: 14px; text-align: justify;"><strong style="box-sizing: border-box;">Sinh mệnh</strong><em style="box-sizing: border-box;"> và </em><strong style="box-sizing: border-box;">Cung mệnh </strong><em style="box-sizing: border-box;">là 2 khái niệm được ông cha ta đúc kết từ những kinh nghiệm của cuộc sống. Và nó ứng dụng trong thực tế, giúp cho cuộc sống mỗi con người được tốt đẹp hơn. Do sinh mệnh rất gần gũi với đời sống hàng ngày, lại liên quan tới việc trọng đại như hợp tuổi, cưới xin,… Nên đa phần mọi người thường quen dùng khái niệm này nhiều hơn so với cung mệnh.</em></p>\r\n\r\n<p style="box-sizing: border-box; margin: 0px 0px 20px; line-height: 24px; color: rgb(17, 17, 17); font-family: Helvetica, sans-serif; font-size: 14px; text-align: justify;"><em style="box-sizing: border-box;"> <a href="https://kimtuthap.vn/wp-content/uploads/2018/02/tuong-sinh-tuong-hop.png" style="box-sizing: border-box; background-color: transparent; color: rgb(51, 0, 91); text-decoration-line: none; outline: none !important;"><img alt="" class="size-full wp-image-17742 aligncenter" height="203" sizes="(max-width: 400px) 100vw, 400px" src="https://kimtuthap.vn/wp-content/uploads/2018/02/tuong-sinh-tuong-hop.png" srcset="https://kimtuthap.vn/wp-content/uploads/2018/02/tuong-sinh-tuong-hop.png 400w, https://kimtuthap.vn/wp-content/uploads/2018/02/tuong-sinh-tuong-hop-300x152.png 300w" style="box-sizing: border-box; border: 0px; vertical-align: middle; user-select: none; -webkit-user-drag: none; max-width: 100%; height: auto; clear: both; display: block; margin: 7px auto;" width="400" /></a></em></p>\r\n\r\n<p style="box-sizing: border-box; margin: 0px 0px 20px; line-height: 24px; color: rgb(17, 17, 17); font-family: Helvetica, sans-serif; font-size: 14px; text-align: center;"><em style="box-sizing: border-box;">Cung mệnh và sinh mệnh là gì?</em></p>\r\n\r\n<p style="box-sizing: border-box; margin: 0px 0px 20px; line-height: 24px; color: rgb(17, 17, 17); font-family: Helvetica, sans-serif; font-size: 14px; text-align: justify;">Tuy nhiên việc áp dụng sinh mệnh như ở trên là có đúng không. Do đó, chúng ta cần phải hiểu rõ <strong style="box-sizing: border-box;">Sinh mệnh</strong> và <strong style="box-sizing: border-box;">Cung mệnh </strong>là gì.</p>\r\n\r\n<p style="box-sizing: border-box; margin: 0px 0px 20px; line-height: 24px; color: rgb(17, 17, 17); font-family: Helvetica, sans-serif; font-size: 14px; text-align: justify;"><strong style="box-sizing: border-box;">Phân biệt giữa Sinh mệnh và Cung mệnh</strong></p>\r\n\r\n<ul style="box-sizing: border-box; margin-top: 0px; margin-bottom: 10px; color: rgb(17, 17, 17); font-family: Helvetica, sans-serif; font-size: 14px; text-align: justify;">\r\n	<li style="box-sizing: border-box; line-height: 24px;"><em style="box-sizing: border-box;">Sinh mệnh (mệnh tử vi)</em></li>\r\n</ul>\r\n\r\n<p style="box-sizing: border-box; margin: 0px 0px 20px; line-height: 24px; color: rgb(17, 17, 17); font-family: Helvetica, sans-serif; font-size: 14px; text-align: justify;">Là khái niệm mà mọi người đã khá quen thuộc. Sinh mệnh thường được dùng khi xem tử vi hàng ngày hoặc xem hợp tuổi cưới hỏi. Ví dụ như: Hải Trung Kim, Lư Trung Hỏa, Lộ Bàng Thổ,…</p>\r\n\r\n<p style="box-sizing: border-box; margin: 0px 0px 20px; line-height: 24px; color: rgb(17, 17, 17); font-family: Helvetica, sans-serif; font-size: 14px; text-align: justify;">Dù nữ hay nam nhưng nếu sinh cùng năm âm lịch, sinh mệnh sẽ giống nhau. Và chúng sẽ lặp lại sau mỗi chu kỳ là 60 năm.</p>\r\n\r\n<p style="box-sizing: border-box; margin: 0px 0px 20px; line-height: 24px; color: rgb(17, 17, 17); font-family: Helvetica, sans-serif; font-size: 14px; text-align: justify;"><a href="https://kimtuthap.vn/wp-content/uploads/2018/02/sinh-menh-ngu-hanh.png" style="box-sizing: border-box; background-color: transparent; color: rgb(51, 0, 91); text-decoration-line: none; outline: none !important;"><img alt="" class="size-full wp-image-23466 aligncenter" height="503" sizes="(max-width: 424px) 100vw, 424px" src="https://kimtuthap.vn/wp-content/uploads/2018/02/sinh-menh-ngu-hanh.png" srcset="https://kimtuthap.vn/wp-content/uploads/2018/02/sinh-menh-ngu-hanh.png 424w, https://kimtuthap.vn/wp-content/uploads/2018/02/sinh-menh-ngu-hanh-253x300.png 253w" style="box-sizing: border-box; border: 0px; vertical-align: middle; user-select: none; -webkit-user-drag: none; max-width: 100%; height: auto; clear: both; display: block; margin: 7px auto;" width="424" /></a></p>\r\n\r\n<p style="box-sizing: border-box; margin: 0px 0px 20px; line-height: 24px; color: rgb(17, 17, 17); font-family: Helvetica, sans-serif; font-size: 14px; text-align: center;"><em style="box-sizing: border-box;">Bảng tra Sinh Mệnh Ngũ Hành</em></p>\r\n\r\n<p style="box-sizing: border-box; margin: 0px 0px 20px; line-height: 24px; color: rgb(17, 17, 17); font-family: Helvetica, sans-serif; font-size: 14px; text-align: justify;"><strong style="box-sizing: border-box;">Sinh mệnh </strong>gắn với con người từ khi sinh ra. Nó giống như tính cách bẩm sinh của mỗi người. Cho nên việc xem hung cát hàng ngày, rồi xem mệnh hai người có hợp với nhau để cưới hỏi hay không thì dùng sinh mệnh là rất chính xác.</p>\r\n\r\n<ul style="box-sizing: border-box; margin-top: 0px; margin-bottom: 10px; color: rgb(17, 17, 17); font-family: Helvetica, sans-serif; font-size: 14px; text-align: justify;">\r\n	<li style="box-sizing: border-box; line-height: 24px;"><em style="box-sizing: border-box;">Cung mệnh (cung phi)</em></li>\r\n</ul>\r\n\r\n<p style="box-sizing: border-box; margin: 0px 0px 20px; line-height: 24px; color: rgb(17, 17, 17); font-family: Helvetica, sans-serif; font-size: 14px; text-align: justify;">Đây là khái niệm dựa trên Cung Phi Bát Trạch trong Kinh Dịch. Cung mệnh gồm ba yếu tố là Mệnh (Kim, Mộc, Thủy,…), Cung (Cấn, Càn, Đoài, Khôn,… và Hướng ( Bắc, Nam, Đông Bắc,…).</p>\r\n\r\n<p style="box-sizing: border-box; margin: 0px 0px 20px; line-height: 24px; color: rgb(17, 17, 17); font-family: Helvetica, sans-serif; font-size: 14px; text-align: justify;"><strong style="box-sizing: border-box;">Cung mệnh</strong> phụ thuộc vào năm sinh âm lịch và giới tính của mỗi người. Người sinh cùng năm, nhưng khác giới sẽ có cung mệnh khác nhau.</p>\r\n\r\n<p style="box-sizing: border-box; margin: 0px 0px 20px; line-height: 24px; color: rgb(17, 17, 17); font-family: Helvetica, sans-serif; font-size: 14px; text-align: justify;">Bởi cung mệnh dựa trên ngũ hành, bát quái, vì thế nó sẽ phản ánh vạn vật trong vũ trụ và sự biến đổi, phát triển của chúng theo thời gian. Và do đó cung mệnh được sử dụng để xác định sự tương sinh, tương khắc, định phương hướng, tu tạo nhà cửa, bếp núc, mồ mả,…</p>\r\n\r\n<p style="box-sizing: border-box; margin: 0px 0px 20px; line-height: 24px; color: rgb(17, 17, 17); font-family: Helvetica, sans-serif; font-size: 14px; text-align: justify;">Hơn nữa, cung mệnh còn được sử dụng để tăng cường cho các mối quan hệ ngoài xã hội, cho công việc làm ăn, thăng quan tiến chức,…</p>\r\n\r\n<p style="box-sizing: border-box; margin: 0px 0px 20px; line-height: 24px; color: rgb(17, 17, 17); font-family: Helvetica, sans-serif; font-size: 14px; text-align: justify;"><strong style="box-sizing: border-box;">Sử dụng sinh mệnh để lựa chọn màu sắc trong phong thủy có đúng không?</strong></p>\r\n\r\n<p style="box-sizing: border-box; margin: 0px 0px 20px; line-height: 24px; color: rgb(17, 17, 17); font-family: Helvetica, sans-serif; font-size: 14px; text-align: justify;">Đúng, nhưng chưa đủ. Bởi khi sử dụng <strong style="box-sizing: border-box;">sinh mệnh</strong> để chọn lựa màu sắc trong phong thủy thì chỉ thấy gốc mà không thấy ngọn, chỉ thấy điểm khởi đầu mà không thấy được sự phát triển. Nếu chỉ dựa vào sinh mệnh thì hàng triệu người sinh ra sẽ cùng chung  số mệnh như nhau, điều này thật là phi thực tế.</p>\r\n\r\n<p style="box-sizing: border-box; margin: 0px 0px 20px; line-height: 24px; color: rgb(17, 17, 17); font-family: Helvetica, sans-serif; font-size: 14px; text-align: justify;"><a href="https://kimtuthap.vn/wp-content/uploads/2016/03/chon-mau-vong-tay-phong-thuy-theo-tuoi.png" style="box-sizing: border-box; background-color: transparent; color: rgb(51, 0, 91); text-decoration-line: none; outline: none !important;"><img alt="" class="size-full wp-image-4939 aligncenter" height="197" sizes="(max-width: 500px) 100vw, 500px" src="https://kimtuthap.vn/wp-content/uploads/2016/03/chon-mau-vong-tay-phong-thuy-theo-tuoi.png" srcset="https://kimtuthap.vn/wp-content/uploads/2016/03/chon-mau-vong-tay-phong-thuy-theo-tuoi.png 500w, https://kimtuthap.vn/wp-content/uploads/2016/03/chon-mau-vong-tay-phong-thuy-theo-tuoi-300x118.png 300w" style="box-sizing: border-box; border: 0px; vertical-align: middle; user-select: none; -webkit-user-drag: none; max-width: 100%; height: auto; clear: both; display: block; margin: 7px auto;" width="500" /></a></p>\r\n\r\n<p style="box-sizing: border-box; margin: 0px 0px 20px; line-height: 24px; color: rgb(17, 17, 17); font-family: Helvetica, sans-serif; font-size: 14px; text-align: center;"><em style="box-sizing: border-box;">Để lựa chọn màu sắc trang sức đá phong thủy cần kết hợp cả cung mệnh và sinh mệnh</em></p>\r\n\r\n<p style="box-sizing: border-box; margin: 0px 0px 20px; line-height: 24px; color: rgb(17, 17, 17); font-family: Helvetica, sans-serif; font-size: 14px; text-align: justify;">Để có sự lựa chọn chính xác nhất, phù hợp với chính cuộc sống hiện tại của mỗi người, chúng ta nên chọn theo cung mệnh. Và lẽ dĩ nhiên là một số người có sinh mệnh và <strong style="box-sizing: border-box;">cung mệnh</strong> trùng với nhau</p>\r\n\r\n<p style="box-sizing: border-box; margin: 0px 0px 20px; line-height: 24px; color: rgb(17, 17, 17); font-family: Helvetica, sans-serif; font-size: 14px; text-align: justify;"><strong style="box-sizing: border-box;">Cách chọn mua trang sức đá phong thủy có màu sắc hợp sinh mệnh và cung mệnh như thế nào?</strong></p>\r\n\r\n<p style="box-sizing: border-box; margin: 0px 0px 20px; line-height: 24px; color: rgb(17, 17, 17); font-family: Helvetica, sans-serif; font-size: 14px; text-align: justify;">Trang sức đá phong thủy sẽ phát huy tác dụng nếu bạn biết lựa chọn trang sức hợp <strong style="box-sizing: border-box;">sinh mệnh</strong> và <strong style="box-sizing: border-box;">cung mệnh</strong> của mình.</p>\r\n\r\n<p style="box-sizing: border-box; margin: 0px 0px 20px; line-height: 24px; color: rgb(17, 17, 17); font-family: Helvetica, sans-serif; font-size: 14px; text-align: justify;">–         <strong style="box-sizing: border-box;"><em style="box-sizing: border-box;">Người mệnh Kim thuộc cung Càn, Đoài sẽ hợp với trang sức đá phong thủy màu gì?</em></strong></p>\r\n\r\n<p style="box-sizing: border-box; margin: 0px 0px 20px; line-height: 24px; color: rgb(17, 17, 17); font-family: Helvetica, sans-serif; font-size: 14px; text-align: justify;">●      Tốt nhất là màu tương sinh như vàng sậm, nâu đất, màu gỗ hóa thạch. Đây là những màu thuộc hành Thổ mà Kim là do Thổ sinh ra.</p>\r\n\r\n<p style="box-sizing: border-box; margin: 0px 0px 20px; line-height: 24px; color: rgb(17, 17, 17); font-family: Helvetica, sans-serif; font-size: 14px; text-align: justify;">●      Chọn màu tương hợp: Hợp với mệnh Kim là Kim. Đó là các màu: trắng vàng tươi và bạc.</p>\r\n\r\n<ul style="box-sizing: border-box; margin-top: 0px; margin-bottom: 10px; color: rgb(17, 17, 17); font-family: Helvetica, sans-serif; font-size: 14px; text-align: justify;">\r\n	<li style="box-sizing: border-box; line-height: 24px;">Chọn đá màu chế khắc: Kim sẽ chế khắc được Mộc, do đó người mệnh Kim sẽ chế khắc được viên đá mình đeo có các gam màu xanh lá cây, xanh da trời.</li>\r\n	<li style="box-sizing: border-box; line-height: 24px;">Không nên dùng đá quý có màu thuộc hành Hỏa như đỏ, hồng, cam, tím. Vì Hỏa khắc Kim nên khi đeo đá có màu như trên sẽ gây bất lợi cho chủ nhân.</li>\r\n</ul>\r\n\r\n<p style="box-sizing: border-box; margin: 0px 0px 20px; line-height: 24px; color: rgb(17, 17, 17); font-family: Helvetica, sans-serif; font-size: 14px; text-align: justify;">–         <strong style="box-sizing: border-box;"><em style="box-sizing: border-box;">Người mệnh Mộc thuộc cung Chấn, Tốn nên đeo trang sức đá phong thủy màu gì?</em></strong></p>\r\n\r\n<p style="box-sizing: border-box; margin: 0px 0px 20px; line-height: 24px; color: rgb(17, 17, 17); font-family: Helvetica, sans-serif; font-size: 14px; text-align: justify;">Người mệnh Mộc thuộc cung Chấn, Tốn muốn được khỏe mạnh, may mắn, tài lộc, phát đạt, thì nên chọn trang sức đá phong thủy hợp với<strong style="box-sizing: border-box;"> sinh mệnh </strong>và <strong style="box-sizing: border-box;">cung mệnh</strong> của bản thân.</p>\r\n\r\n<ul style="box-sizing: border-box; margin-top: 0px; margin-bottom: 10px; color: rgb(17, 17, 17); font-family: Helvetica, sans-serif; font-size: 14px; text-align: justify;">\r\n	<li style="box-sizing: border-box; line-height: 24px;">Muốn để được tương sinh những người mệnh này nên đeo vòng tay, mặt dây chuyền đá có màu nước: đen, màu xám, màu xanh nước biển, xanh lam.</li>\r\n	<li style="box-sizing: border-box; line-height: 24px;">Còn chọn màu tương hợp với bản mệnh thì màu xanh lá cây, xanh da trời (thuộc Mộc) sẽ rất hợp với chủ nhân mệnh Mộc.</li>\r\n	<li style="box-sizing: border-box; line-height: 24px;">Để chế khắc được viên đá từ trang sức phong thủy: người mệnh Mộc nên chọn trang sức được chế tác từ đá có màu Thổ, bản thân họ sẽ được an toàn và không phải lo lắng điều gì.</li>\r\n	<li style="box-sizing: border-box; line-height: 24px;">Điều lưu ý đối với những chủ nhân thuộc mệnh Mộc thuộc cung Chấn, Tốn. Đó là tuyệt đối không nên dùng các loại đá màu thuộc Kim như màu trắng vì chúng sẽ không tốt cho họ.</li>\r\n	<li style="box-sizing: border-box; line-height: 24px;"><strong style="box-sizing: border-box;"><em style="box-sizing: border-box;">Người mệnh Thủy thuộc cung Khảm nên đeo đá màu gì?</em></strong></li>\r\n</ul>\r\n\r\n<p style="box-sizing: border-box; margin: 0px 0px 20px; line-height: 24px; color: rgb(17, 17, 17); font-family: Helvetica, sans-serif; font-size: 14px; text-align: justify;">Để chọn trang sức đá phong thủy phù hợp với cả <strong style="box-sizing: border-box;">sinh mệnh</strong> và <strong style="box-sizing: border-box;">cung mệnh</strong>, thì người mệnh Thủy thuộc cung Khảm nên chọn màu đá như sau:</p>\r\n\r\n<ul style="box-sizing: border-box; margin-top: 0px; margin-bottom: 10px; color: rgb(17, 17, 17); font-family: Helvetica, sans-serif; font-size: 14px; text-align: justify;">\r\n	<li style="box-sizing: border-box; line-height: 24px;">Màu tốt nhất cho người mệnh Thủy là bạc và màu đá trắng. Vì các màu sắc trên theo quy định của ngũ hành là thuộc Kim, mà Kim sinh Thủy nên khi đeo vòng tay, mặt dây chuyền đá màu bạc và trắng, người mệnh này sẽ được tương sinh.</li>\r\n</ul>\r\n\r\n<p style="box-sizing: border-box; margin: 0px 0px 20px; line-height: 24px; color: rgb(17, 17, 17); font-family: Helvetica, sans-serif; font-size: 14px; text-align: justify;"><a href="https://kimtuthap.vn/wp-content/uploads/2015/11/12.png" style="box-sizing: border-box; background-color: transparent; color: rgb(51, 0, 91); text-decoration-line: none; outline: none !important;"><img alt="" class="size-full wp-image-5220 aligncenter" height="474" sizes="(max-width: 768px) 100vw, 768px" src="https://kimtuthap.vn/wp-content/uploads/2015/11/12.png" srcset="https://kimtuthap.vn/wp-content/uploads/2015/11/12.png 768w, https://kimtuthap.vn/wp-content/uploads/2015/11/12-300x185.png 300w" style="box-sizing: border-box; border: 0px; vertical-align: middle; user-select: none; -webkit-user-drag: none; max-width: 100%; height: auto; clear: both; display: block; margin: 7px auto;" width="768" /></a></p>\r\n\r\n<p style="box-sizing: border-box; margin: 0px 0px 20px; line-height: 24px; color: rgb(17, 17, 17); font-family: Helvetica, sans-serif; font-size: 14px; text-align: center;"><em style="box-sizing: border-box;">Vòng tay đá phong thủy từ thạch anh trắng hỗ trợ đắc lực cho người mệnh Thủy cung Khảm</em></p>\r\n\r\n<ul style="box-sizing: border-box; margin-top: 0px; margin-bottom: 10px; color: rgb(17, 17, 17); font-family: Helvetica, sans-serif; font-size: 14px; text-align: justify;">\r\n	<li style="box-sizing: border-box; line-height: 24px;">Người mệnh Thủy nên đeo những trang sức đá có màu màu đen, màu xám, màu xanh nước biển. Bởi chúng sẽ rất hợp với <strong style="box-sizing: border-box;">cung mệnh</strong> của họ.</li>\r\n	<li style="box-sizing: border-box; line-height: 24px;">Do mệnh Thủy khắc được Hỏa nên việc dùng các trang sức được chế tác từ đá quý có màu mà họ chế ngự được như đỏ, hồng, cam, tím.</li>\r\n	<li style="box-sizing: border-box; line-height: 24px;">Và tuyệt đối nhũng người mệnh này không nên dùng các màu đá vàng sậm, nâu đất, vì đó là màu thuộc hành Thổ. Bởi Thổ sẽ chế ngự Thủy nên bất lợi cho họ.</li>\r\n</ul>\r\n\r\n<p style="box-sizing: border-box; margin: 0px 0px 20px; line-height: 24px; color: rgb(17, 17, 17); font-family: Helvetica, sans-serif; font-size: 14px; text-align: justify;">–         <strong style="box-sizing: border-box;"><em style="box-sizing: border-box;">Người mệnh Hỏa thuộc cung Ly nên đeo trang sức đá màu gì?</em></strong></p>\r\n\r\n<ul style="box-sizing: border-box; margin-top: 0px; margin-bottom: 10px; color: rgb(17, 17, 17); font-family: Helvetica, sans-serif; font-size: 14px; text-align: justify;">\r\n	<li style="box-sizing: border-box; line-height: 24px;">Đá quý tốt cho người mệnh Hỏa nhất phải là đá có màu thuộc hành Mộc, tức là xanh lá cây, xanh da trời, do Mộc sẽ sinh ra Hỏa.</li>\r\n	<li style="box-sizing: border-box; line-height: 24px;">Người mệnh Hỏa se được phù trợ về mọi mặt nếu dùng đá quý có màu tương hợp là đỏ, hồng, cam, tím (thuộc hành Hỏa).</li>\r\n	<li style="box-sizing: border-box; line-height: 24px;">Vì mệnh Hỏa có thể chế khắc được màu của viên đá, tức là Hỏa khắc được Kim. Do đó, những người mệnh này có thể đeo trang sức đá màu trắng.</li>\r\n	<li style="box-sizing: border-box; line-height: 24px;">Không nên dùng đá màu đen, màu xám, màu xanh nước biển (thuộc hành Thủy). Bởi chúng sẽ mang lại vận xui, không tốt cho người thuộc <strong style="box-sizing: border-box;">sinh mệnh</strong> và <strong style="box-sizing: border-box;">cung mệnh</strong> này.</li>\r\n	<li style="box-sizing: border-box; line-height: 24px;"><strong style="box-sizing: border-box;"><em style="box-sizing: border-box;">Người mệnh Thổ thuộc cung Khôn, Cấn nên dùng đá màu gì là phù hợp?</em></strong></li>\r\n	<li style="box-sizing: border-box; line-height: 24px;">Theo quy luật của ngũ hành là Hỏa sẽ sinh ra Thổ. Cho nên, người mệnh Thổ hãy sử dụng những viên đá quý có màu của Hỏa gồm các màu: đỏ, hồng, cam, tím.</li>\r\n</ul>\r\n\r\n<p style="box-sizing: border-box; margin: 0px 0px 20px; line-height: 24px; color: rgb(17, 17, 17); font-family: Helvetica, sans-serif; font-size: 14px;"><a href="https://kimtuthap.vn/wp-content/uploads/2018/01/vong-tay-thach-anh-tim.jpg" style="box-sizing: border-box; background-color: transparent; color: rgb(51, 0, 91); text-decoration-line: none; outline: none !important;"><img alt="" class="size-full wp-image-17232 aligncenter" height="512" sizes="(max-width: 768px) 100vw, 768px" src="https://kimtuthap.vn/wp-content/uploads/2018/01/vong-tay-thach-anh-tim.jpg" srcset="https://kimtuthap.vn/wp-content/uploads/2018/01/vong-tay-thach-anh-tim.jpg 768w, https://kimtuthap.vn/wp-content/uploads/2018/01/vong-tay-thach-anh-tim-300x200.jpg 300w" style="box-sizing: border-box; border: 0px; vertical-align: middle; user-select: none; -webkit-user-drag: none; max-width: 100%; height: auto; clear: both; display: block; margin: 7px auto;" width="768" /></a></p>\r\n\r\n<p style="box-sizing: border-box; margin: 0px 0px 20px; line-height: 24px; color: rgb(17, 17, 17); font-family: Helvetica, sans-serif; font-size: 14px; text-align: center;"><em style="box-sizing: border-box;">Những người mệnh Thổ cung Khôn rất thích hợp đeo trang sức từ đá thạch anh tím</em></p>\r\n\r\n<ul style="box-sizing: border-box; margin-top: 0px; margin-bottom: 10px; color: rgb(17, 17, 17); font-family: Helvetica, sans-serif; font-size: 14px; text-align: justify;">\r\n	<li style="box-sizing: border-box; line-height: 24px;">Những trang sức đá có màu vàng sậm, nâu đất cũng sẽ rất tốt cho những người mệnh Thổ thuộc cung Khôn, Cấn. Vì người và đá cùng mệnh có sự tương hợp với nhau.</li>\r\n	<li style="box-sizing: border-box; line-height: 24px;">Do người mệnh Thổ có thể chế ngự được viên đá có màu của hành Thủy. Cho nên vòng tay, mặt dây chuyền được chế tác từ đá phong thủy màu đen, xám, xanh nước biển có thể dùng được.</li>\r\n	<li style="box-sizing: border-box; line-height: 24px;">Người mệnh Thổ không được dùng trang sức đá có màu xanh lá cây, màu xanh da trời (thuộc Mộc) sẽ bị suy yếu về sức khỏe, khó khăn về tài chính.</li>\r\n</ul>\r\n\r\n<p style="box-sizing: border-box; margin: 0px 0px 20px; line-height: 24px; color: rgb(17, 17, 17); font-family: Helvetica, sans-serif; font-size: 14px;"> </p>\r\n\r\n<p style="text-align:center"><img alt="" class="size-full wp-image-17453 aligncenter" height="615" sizes="(max-width: 570px) 100vw, 570px" src="https://kimtuthap.vn/wp-content/uploads/2018/01/sinh-menh-cung-menh.png" srcset="https://kimtuthap.vn/wp-content/uploads/2018/01/sinh-menh-cung-menh.png 570w, https://kimtuthap.vn/wp-content/uploads/2018/01/sinh-menh-cung-menh-278x300.png 278w" style="box-sizing: border-box; border: 0px; vertical-align: middle; user-select: none; -webkit-user-drag: none; max-width: 100%; height: auto; clear: both; display: block; margin: 7px auto;" width="570" /></p>\r\n\r\n<p style="box-sizing: border-box; margin: 0px 0px 20px; line-height: 24px; color: rgb(17, 17, 17); font-family: Helvetica, sans-serif; font-size: 14px;"> </p>\r\n\r\n<p style="box-sizing: border-box; margin: 0px 0px 20px; line-height: 24px; color: rgb(17, 17, 17); font-family: Helvetica, sans-serif; font-size: 14px; text-align: center;"><em style="box-sizing: border-box;">Bảng tra Cung Mệnh (Cung Phi)</em></p>\r\n\r\n<p style="box-sizing: border-box; margin: 0px 0px 20px; line-height: 24px; color: rgb(17, 17, 17); font-family: Helvetica, sans-serif; font-size: 14px; text-align: justify;">Mọi vấn đề về <strong style="box-sizing: border-box;">cung mệnh</strong> và <strong style="box-sizing: border-box;">sinh mệnh </strong>đã được chúng tôi giải đáp trên đây. Đặc biệt nếu bạn muốn mình hợp với màu Đá nào, bạn nên dựa trên Cung Mệnh! Đây là điều đã được các nhà Phong Thủy Học khẳng định trong một thời gian dài.</p>\r\n\r\n<p style="box-sizing: border-box; margin: 0px 0px 20px; line-height: 24px; color: rgb(17, 17, 17); font-family: Helvetica, sans-serif; font-size: 14px; text-align: justify;">Hãy liên lạc với <strong style="box-sizing: border-box;"><em style="box-sizing: border-box;">Đá Quý Kim Tự Tháp</em></strong> về mọi thắc mắc, nhu cầu tìm hiểu thông tin của bạn, sẽ được giải đáp ngay bởi đội ngũ nhân viên tư vấn của chúng tôi. Đồng thời sẽ tư vấn giúp bạn việc chọn mua trang sức phong thủy như vòng tay đá hoặc mặt dây chuyền tốt nhất, phù hợp nhất.</p>\r\n', '', '', '', '', '', '', '', '', 0, 0, 1538384598, 1538384815, '', '', ''),
(13, '', 'thanh-toan', 'Thanh toán', 'thanh-toan', '', '<p><img alt="" height="33" src="http://demo206.i-web.vn/thang11/hoangcuong/upload/images/tt-07.jpg" width="429" /></p>\r\n', '', '', '', '', '', '', '', '', 1, 0, 1542815594, 0, '', '', ''),
(14, '', 'giao-hang', 'Giao hàng', 'giao-hang', '', '<p><img alt="" height="44" src="http://demo206.i-web.vn/thang11/hoangcuong/upload/images/gh.jpg" width="430" /></p>\r\n', '', '', '', '', '', '', '', '', 0, 0, 1542815612, 1542815784, '', '', ''),
(15, '', 'thanh-toan-qr', 'Thanh toán qr', 'thanh-toan-qr', '', '<p><img alt="" height="50" src="http://demo206.i-web.vn/thang11/hoangcuong/upload/images/tt.jpg" width="255" /></p>\r\n', '', '', '', '', '', '', '', '', 0, 0, 1542815626, 1542815795, '', '', '');

-- --------------------------------------------------------

--
-- Structure de la table `table_newsletter`
--

CREATE TABLE IF NOT EXISTS `table_newsletter` (
  `id` int(10) unsigned NOT NULL AUTO_INCREMENT,
  `stt` int(10) unsigned NOT NULL DEFAULT '1',
  `ten` varchar(225) NOT NULL,
  `gioitinh` varchar(255) NOT NULL,
  `sanpham` varchar(50) NOT NULL,
  `tieude` varchar(200) NOT NULL,
  `noidung` longtext NOT NULL,
  `hienthi` tinyint(1) NOT NULL DEFAULT '1',
  `ngaytao` int(10) unsigned NOT NULL DEFAULT '0',
  `ngaysua` int(10) unsigned NOT NULL DEFAULT '0',
  `email` varchar(225) NOT NULL,
  `dienthoai` varchar(255) NOT NULL,
  PRIMARY KEY (`id`)
) ENGINE=MyISAM  DEFAULT CHARSET=utf8 AUTO_INCREMENT=157 ;

--
-- Contenu de la table `table_newsletter`
--

INSERT INTO `table_newsletter` (`id`, `stt`, `ten`, `gioitinh`, `sanpham`, `tieude`, `noidung`, `hienthi`, `ngaytao`, `ngaysua`, `email`, `dienthoai`) VALUES
(148, 1, '', 'Nam', '', '', '', 1, 1445655763, 0, 'nguyenhieunina@gmail.com', ''),
(149, 1, '', 'Nam', '', '', '', 1, 1445655797, 0, 'nhieunina@gmail.co', ''),
(150, 1, '', '', '', '', '', 1, 0, 0, 'a@gmail.com', ''),
(151, 1, '', '', '', '', '', 1, 0, 0, 'thanhtbgna1@gmail.com', ''),
(152, 1, '', '', '', '', '', 1, 0, 0, 'ad@gmail.com', ''),
(153, 1, '', '', '', '', '', 1, 0, 0, 'thanhthangxxxxx@gmail.com', ''),
(154, 1, '', '', '', '', '', 1, 0, 0, 'xxxx@gmail.com', ''),
(155, 1, '', '', '', '', '', 1, 0, 0, 'xxxxx@gmail.com', ''),
(156, 1, '', '', '', '', '', 1, 0, 0, 'xxxxxxxxxx@gmail.com', '');

-- --------------------------------------------------------

--
-- Structure de la table `table_online`
--

CREATE TABLE IF NOT EXISTS `table_online` (
  `id` int(10) unsigned NOT NULL AUTO_INCREMENT,
  `session_id` varchar(255) NOT NULL,
  `time` int(10) unsigned NOT NULL,
  PRIMARY KEY (`id`)
) ENGINE=MyISAM  DEFAULT CHARSET=utf8 AUTO_INCREMENT=68991 ;

--
-- Contenu de la table `table_online`
--

INSERT INTO `table_online` (`id`, `session_id`, `time`) VALUES
(68990, 'enl1rip12j408nsnmkekmv67l6', 1545746531),
(68989, 'f0er04gva7pemnbdbrhpegnge7', 1545746530),
(68988, '1vd90nvklrspmj6mk2c5b6m9u4', 1545746525),
(68987, 'm18bpp2kiut37c0a38bfgeek52', 1545746555);

-- --------------------------------------------------------

--
-- Structure de la table `table_order`
--

CREATE TABLE IF NOT EXISTS `table_order` (
  `id` int(11) NOT NULL AUTO_INCREMENT,
  `id_user` int(11) NOT NULL,
  `madonhang` varchar(20) NOT NULL,
  `profile` text NOT NULL,
  `hoten` varchar(255) NOT NULL,
  `diachi` varchar(255) NOT NULL,
  `email` varchar(255) NOT NULL,
  `dienthoai` varchar(255) NOT NULL,
  `city` varchar(255) NOT NULL,
  `dist` varchar(255) NOT NULL,
  `hoten_nguoinhan` varchar(255) NOT NULL,
  `diachi_nguoinhan` varchar(255) NOT NULL,
  `email_nguoinhan` varchar(255) NOT NULL,
  `dienthoai_nguoinhan` varchar(255) NOT NULL,
  `city_nguoinhan` varchar(255) NOT NULL,
  `dist_nguoinhan` varchar(255) NOT NULL,
  `tonggia` int(11) NOT NULL,
  `view` int(10) NOT NULL,
  `httt` int(11) NOT NULL,
  `noidung` text NOT NULL,
  `ghichu` text NOT NULL,
  `ngaytao` int(11) NOT NULL,
  `trangthai` int(11) NOT NULL,
  PRIMARY KEY (`id`)
) ENGINE=MyISAM  DEFAULT CHARSET=utf8 AUTO_INCREMENT=6 ;

--
-- Contenu de la table `table_order`
--

INSERT INTO `table_order` (`id`, `id_user`, `madonhang`, `profile`, `hoten`, `diachi`, `email`, `dienthoai`, `city`, `dist`, `hoten_nguoinhan`, `diachi_nguoinhan`, `email_nguoinhan`, `dienthoai_nguoinhan`, `city_nguoinhan`, `dist_nguoinhan`, `tonggia`, `view`, `httt`, `noidung`, `ghichu`, `ngaytao`, `trangthai`) VALUES
(4, 0, '5IJFCQ', '{"nguoidat":{"hoten":"Nguyu1ec5n Vu0103n Tu00e8o","dienthoai":"0933526651","diachi":"Tu1ea7ng 4, Tu00f2a thu00e1p Ngu00f4i Sao - Star Tower, u0111u01b0u1eddng Du01b0u01a1ng u0110u00ecnh Nghu1ec7 -Phu01b0u1eddng Yu00ean Hu00f2a - Quu1eadn Cu1ea7u Giu1ea5y - Hu00e0 Nu1ed9i","email":"thanhthangnina@gmail.com","city":1,"dist":4},"nguoinhan":{"hoten":"Nguyu1ec5n Vu0103n Tu00e8o","dienthoai":"0933526651","diachi":"Tu1ea7ng 4, Tu00f2a thu00e1p Ngu00f4i Sao - Star Tower, u0111u01b0u1eddng Du01b0u01a1ng u0110u00ecnh Nghu1ec7 -Phu01b0u1eddng Yu00ean Hu00f2a - Quu1eadn Cu1ea7u Giu1ea5y - Hu00e0 Nu1ed9i","email":"thanhthangnina@gmail.com","city":1,"dist":4}}', 'Nguyễn Văn Tèo', 'Tầng 4, Tòa tháp Ngôi Sao - Star Tower, đường Dương Đình Nghệ -Phường Yên Hòa - Quận Cầu Giấy - Hà Nội', 'thanhthangnina@gmail.com', '0933526651', '1', '4', 'Nguyễn Văn Tèo', 'Tầng 4, Tòa tháp Ngôi Sao - Star Tower, đường Dương Đình Nghệ -Phường Yên Hòa - Quận Cầu Giấy - Hà Nội', 'thanhthangnina@gmail.com', '0933526651', '1', '4', 900000, 1, 0, 'Tầng 4, Tòa tháp Ngôi Sao - Star Tower,\r\nđường Dương Đình Nghệ -Phường Yên Hòa - Quận Cầu Giấy - Hà Nội', '', 1525846511, 1),
(5, 10, 'MMQRKM', '{"nguoidat":{"hoten":"Nguyu1ec5n Thu00e0nh Thu1eafng","dienthoai":"0933526651","diachi":"106 Bu00e0u Cu00e1t 1. Phu01b0u1eddng 14, Quu1eadn Tu00e2n Bu00ecnh","email":"thanhthangnina@gmail.com","city":1,"dist":1},"nguoinhan":{"hoten":"Nguyu1ec5n Thu00e0nh Thu1eafng","dienthoai":"0933526651","diachi":"106 Bu00e0u Cu00e1t 1. Phu01b0u1eddng 14, Quu1eadn Tu00e2n Bu00ecnh","email":"thanhthangnina@gmail.com","city":1,"dist":1}}', 'Nguyễn Thành Thắng', '106 Bàu Cát 1. Phường 14, Quận Tân Bình', 'thanhthangnina@gmail.com', '0933526651', '1', '1', 'Nguyễn Thành Thắng', '106 Bàu Cát 1. Phường 14, Quận Tân Bình', 'thanhthangnina@gmail.com', '0933526651', '1', '1', 1000000, 1, 0, 'Gửi nhanh', '', 1536373986, 1);

-- --------------------------------------------------------

--
-- Structure de la table `table_order_detail`
--

CREATE TABLE IF NOT EXISTS `table_order_detail` (
  `id` int(11) NOT NULL AUTO_INCREMENT,
  `id_product` int(11) NOT NULL,
  `id_order` varchar(255) NOT NULL,
  `ten` varchar(255) NOT NULL,
  `gia` int(11) NOT NULL,
  `soluong` int(11) NOT NULL,
  PRIMARY KEY (`id`)
) ENGINE=MyISAM  DEFAULT CHARSET=utf8 AUTO_INCREMENT=9 ;

--
-- Contenu de la table `table_order_detail`
--

INSERT INTO `table_order_detail` (`id`, `id_product`, `id_order`, `ten`, `gia`, `soluong`) VALUES
(1, 264, '4LW6W', 'Vận tải nội địa', 1900000, 1),
(2, 264, 'SXZMWJ', 'Vận tải nội địa', 1900000, 78),
(3, 508, '8FQGWI', 'Đá phong thủy hang sang 4', 300000, 5),
(4, 508, 'W0V5GY', 'Đá phong thủy hang sang 4', 300000, 5),
(5, 513, 'WLYXFN', 'Đá phong thủy hang sang 9', 300000, 3),
(6, 513, '5IJFCQ', 'Đá phong thủy hang sang 9', 300000, 3),
(7, 605, 'MMQRKM', 'Áo khoác MCT-002', 500000, 1),
(8, 606, 'MMQRKM', 'Áo khoác MCT-003', 500000, 1);

-- --------------------------------------------------------

--
-- Structure de la table `table_phanquyen`
--

CREATE TABLE IF NOT EXISTS `table_phanquyen` (
  `id` int(10) unsigned NOT NULL AUTO_INCREMENT,
  `id_list` varchar(255) NOT NULL,
  `id_cat` varchar(255) NOT NULL,
  `id_item` varchar(255) NOT NULL,
  `stt` int(10) unsigned NOT NULL DEFAULT '1',
  `ten` varchar(200) NOT NULL,
  `com` text NOT NULL,
  `table_vitri` varchar(225) NOT NULL,
  `xem` varchar(225) NOT NULL,
  `them` varchar(225) NOT NULL,
  `sua` varchar(225) NOT NULL,
  `xoa` varchar(225) NOT NULL,
  `soluong` varchar(200) NOT NULL,
  `mausac` varchar(50) NOT NULL,
  `hienthi` tinyint(1) NOT NULL DEFAULT '1',
  `ngaytao` int(11) NOT NULL DEFAULT '0',
  `ngaysua` int(11) NOT NULL DEFAULT '0',
  PRIMARY KEY (`id`)
) ENGINE=MyISAM  DEFAULT CHARSET=utf8 AUTO_INCREMENT=22 ;

--
-- Contenu de la table `table_phanquyen`
--

INSERT INTO `table_phanquyen` (`id`, `id_list`, `id_cat`, `id_item`, `stt`, `ten`, `com`, `table_vitri`, `xem`, `them`, `sua`, `xoa`, `soluong`, `mausac`, `hienthi`, `ngaytao`, `ngaysua`) VALUES
(21, '["5"]', '["6","5"]', '["5"]', 1, 'Quản lý bigmart 1', 'null', 'null', '["1|1","8|1"]', '["1|1","8|1"]', '["1|1","8|1"]', '["8|1"]', '', '#37cd30', 1, 1436943747, 1446189435);

-- --------------------------------------------------------

--
-- Structure de la table `table_photo`
--

CREATE TABLE IF NOT EXISTS `table_photo` (
  `id` int(10) unsigned NOT NULL AUTO_INCREMENT,
  `id_vitri` int(11) NOT NULL,
  `photo_vi` varchar(225) NOT NULL,
  `photo_en` varchar(225) NOT NULL,
  `thumb_vi` varchar(255) NOT NULL,
  `thumb_en` varchar(255) NOT NULL,
  `ten_vi` varchar(100) CHARACTER SET utf8 COLLATE utf8_unicode_ci NOT NULL,
  `ten_en` varchar(255) NOT NULL,
  `link` varchar(255) NOT NULL,
  `mota_vi` text CHARACTER SET utf8 COLLATE utf8_unicode_ci NOT NULL,
  `mota_en` text CHARACTER SET utf8 COLLATE utf8_unicode_ci NOT NULL,
  `stt` int(10) unsigned NOT NULL DEFAULT '1',
  `hienthi` tinyint(1) NOT NULL DEFAULT '1',
  `com` varchar(30) NOT NULL,
  `top_left` tinyint(2) NOT NULL,
  `top_right` tinyint(2) NOT NULL,
  `bottom_left` tinyint(2) NOT NULL,
  `bottom_right` tinyint(2) NOT NULL,
  `photo_logo` varchar(255) NOT NULL,
  PRIMARY KEY (`id`)
) ENGINE=MyISAM  DEFAULT CHARSET=utf8 AUTO_INCREMENT=116 ;

--
-- Contenu de la table `table_photo`
--

INSERT INTO `table_photo` (`id`, `id_vitri`, `photo_vi`, `photo_en`, `thumb_vi`, `thumb_en`, `ten_vi`, `ten_en`, `link`, `mota_vi`, `mota_en`, `stt`, `hienthi`, `com`, `top_left`, `top_right`, `bottom_left`, `bottom_right`, `photo_logo`) VALUES
(1, 0, 'banner885-896.jpg', 'banner-7599.png', 'banner885-896_724x146.jpg', '', '', '', 'https://www.hoangminhloi.com', '', '', 1, 1, 'banner_top', 0, 0, 0, 0, ''),
(2, 0, 'logo-3652.jpg', 'logoktkgsmall-5617.png', 'logo-3652_190x165.jpg', 'logoktkgsmall-5617_600x600.png', '', '', '', '', '', 1, 1, 'logo', 0, 0, 0, 0, ''),
(100, 0, '423098503797727.png', '', '423098503797727_615x248.png', '', 'Quảng cáo 1', '', 'http://kientrucmoi.vn/', '', '', 2, 1, 'quangcao', 0, 0, 0, 0, ''),
(101, 0, '465965725074543.png', '', '465965725074543_615x248.png', '', 'Quảng cáo 2', '', 'http://kientrucmoi.vn/', '', '', 3, 1, 'quangcao', 0, 0, 0, 0, ''),
(6, 0, '554215029270186.jpg', '', '554215029270186_610x310.jpg', '', 'Google plus', '', 'http://nhadat24h.net/DKTV-thanhtoanwos-2821-15', '', '', 1, 1, 'mangxahoi', 0, 0, 0, 0, ''),
(7, 0, '081359867751044.jpg', '', '081359867751044_610x310.jpg', '', 'Twitter', '', 'http://nhadat24h.net/DKTV-thanhtoanwos-2821-15', '', '', 1, 1, 'mangxahoi', 0, 0, 0, 0, ''),
(8, 0, '232332768392876.jpg', '', '232332768392876_610x310.jpg', '', 'Youtube', '', 'http://nhadat24h.net/DKTV-thanhtoanwos-2821-15', '', '', 1, 1, 'mangxahoi', 0, 0, 0, 0, ''),
(30, 0, 'banner-5093.png', 'banner-9475.png', '', '', '', '', '', '', '', 1, 1, 'banner_mobile', 0, 0, 0, 0, ''),
(31, 0, 'hotlinevi-1731.png', 'hotlineen-3023.png', '', '', '', '', '', '', '', 1, 1, 'hotline_top', 0, 0, 0, 0, ''),
(32, 0, '269740421998708.jpg', '', '269740421998708_600x600.jpg', '', 'Thiết kế nhà phố', '', 'http://nhadat24h.net/DKTV-thanhtoanwos-2821-15', '', '', 1, 1, 'doitac', 0, 0, 0, 0, ''),
(33, 0, '712441003638719.jpg', '', '712441003638719_610x310.jpg', '', 'Facebook', '', 'https://www.facebook.com/', '', '', 1, 1, 'mangxahoi', 0, 0, 0, 0, ''),
(34, 0, '338383300992550.jpg', '', '338383300992550_600x600.jpg', '', 's', '', '', '', '', 1, 1, 'doitac', 0, 0, 0, 0, ''),
(35, 0, '211527466086703.jpg', '', '211527466086703_600x600.jpg', '', 's', '', '', '', '', 1, 1, 'doitac', 0, 0, 0, 0, ''),
(36, 0, '142914483592136.jpg', '', '142914483592136_600x600.jpg', '', 's', '', '', '', '', 1, 1, 'doitac', 0, 0, 0, 0, ''),
(37, 0, '091105023460944.jpg', '', '091105023460944_600x600.jpg', '', 's', '', '', '', '', 1, 1, 'doitac', 0, 0, 0, 0, ''),
(38, 0, '531745306615677.jpg', '', '531745306615677_600x600.jpg', '', 's', '', '', '', '', 1, 1, 'doitac', 0, 0, 0, 0, ''),
(39, 0, '462426125289393.jpg', '', '462426125289393_600x600.jpg', '', 's', '', '', '', '', 1, 1, 'doitac', 0, 0, 0, 0, ''),
(40, 0, '628615049201067.jpg', '', '628615049201067_600x600.jpg', '', 's', '', '', '', '', 1, 1, 'doitac', 0, 0, 0, 0, ''),
(42, 0, 'quangcao-4209.jpg', 'quangcao-7263.jpg', '', '', '', '', 'http://www.24h.com.vn/', '', '', 1, 1, 'quangcao_link', 0, 0, 0, 0, ''),
(66, 0, 'sonnuoc-8713.jpg', '', 'sonnuoc-8713_600x600.jpg', '', '', '', '', '', '', 1, 1, 'hinhdaidien', 0, 0, 0, 0, ''),
(51, 0, 'logo2-7166.png', '', '', '', '', '', '', '', '', 1, 1, 'logo_bottom', 0, 0, 0, 0, ''),
(54, 0, '249316385153865.png', '', '249316385153865_370x234.png', '', 'Pintest', '', '', '', '', 1, 1, 'mangxahoi_top', 0, 0, 0, 0, ''),
(55, 0, '378641505737609.png', '', '378641505737609_370x234.png', '', 'Inline', '', '', '', '', 1, 1, 'mangxahoi_top', 0, 0, 0, 0, ''),
(56, 0, '493743347251105.png', '', '493743347251105_370x234.png', '', 'Google plus', '', '', '', '', 1, 1, 'mangxahoi_top', 0, 0, 0, 0, ''),
(57, 0, '281905014513797.png', '', '281905014513797_370x234.png', '', 'Facebook', '', 'http://3daudio.vn/lien-he.html', '', '', 1, 1, 'mangxahoi_top', 0, 0, 0, 0, ''),
(59, 0, '002826491293968.png', '', '002826491293968_370x234.png', '', 'g', '', '', '', '', 1, 1, 'mangxahoi_left', 0, 0, 0, 0, ''),
(60, 0, '686993398210338.png', '', '686993398210338_370x234.png', '', 's', '', '', '', '', 1, 1, 'mangxahoi_left', 0, 0, 0, 0, ''),
(61, 0, '053040752984242.png', '', '053040752984242_370x234.png', '', 't', '', '', '', '', 1, 1, 'mangxahoi_left', 0, 0, 0, 0, ''),
(62, 0, '614532211946432.png', '', '614532211946432_370x234.png', '', 'y', '', '', '', '', 1, 1, 'mangxahoi_left', 0, 0, 0, 0, ''),
(67, 0, '8861889153534850.png', '', '886188915353485_370x234.png', '', 'Chuyên nghiệp', '', '', '', '', 1, 1, 'hinhanh', 0, 0, 0, 0, ''),
(68, 0, '7310541188751310.png', '', '731054118875131_370x234.png', '', 'Uy tín', '', '', '', '', 1, 1, 'hinhanh', 0, 0, 0, 0, ''),
(69, 0, '2997819593152500.png', '', '299781959315250_370x234.png', '', 'Chất lượng', '', '', '', '', 1, 1, 'hinhanh', 0, 0, 0, 0, ''),
(70, 0, 'logo1-5483.png', '', '', '', '', '', '', '', '', 1, 1, 'image_top', 0, 0, 0, 0, ''),
(71, 0, 'bgdv-7645.png', '', '', '', '', '', '', '', '', 1, 1, 'background_dv', 0, 0, 0, 0, ''),
(72, 0, 'bgtintuc-1899.png', '', '', '', '', '', '', '', '', 1, 1, 'background_tt', 0, 0, 0, 0, ''),
(73, 0, 'bgft-1948.png', '', '', '', '', '', '', '', '', 1, 1, 'background_ft', 0, 0, 0, 0, ''),
(75, 0, '4514shophoatuoi-3480.jpg', 'homeservice3img-9778.png', '', '', '', '', 'https://www.lazada.vn/products/xiaomi-redmi-5a-16gb-ram-2gb-xam-hang-phan-phoi-chinh-thuc-i155452797-s165057976.html?spm=a2o4n.searchlistcategory.list.1.21562590ierNgw&search=1', '', '', 1, 1, 'top', 0, 0, 0, 0, ''),
(78, 0, 'logofooter-320.png', '', 'logofooter-320_600x600.png', '', '', '', '', '', '', 1, 1, 'logo_footer', 0, 0, 0, 0, ''),
(80, 0, '149405857620954.png', '', '149405857620954_26x26.png', '', 'Facebook', '', 'https://www.facebook.com/', '', '', 1, 1, 'mxh-support', 0, 0, 0, 0, ''),
(81, 0, '473266812819281.png', '', '473266812819281_26x26.png', '', 'Google plus', '', '', '', '', 1, 1, 'mxh-support', 0, 0, 0, 0, ''),
(82, 0, '898983333044988.png', '', '898983333044988_26x26.png', '', 'Twitter', '', '', '', '', 1, 1, 'mxh-support', 0, 0, 0, 0, ''),
(83, 0, '013528510277330.png', '', '013528510277330_26x26.png', '', 'linedin', '', '', '', '', 1, 1, 'mxh-support', 0, 0, 0, 0, ''),
(84, 0, 'banner-5299.png', '', 'banner-5299_1366x170.png', '', '', '', '', '', '', 1, 1, 'top_page', 0, 0, 0, 0, ''),
(85, 0, '456856851607229.png', '', '456856851607229_275x385.png', '', 'Quảng cáo 1', '', 'https://www.24h.com.vn/bong-da/u23-viet-nam-va-3-anh-hao-vao-ban-ket-asiad-khung-nhu-the-nao-c48a986080.html', '', '', 1, 1, 'quangcaoleft', 0, 0, 0, 0, ''),
(86, 0, '712730530107663.png', '', '712730530107663_275x385.png', '', 'Quảng cáo 2', '', 'https://www.24h.com.vn/bong-da/u23-viet-nam-va-3-anh-hao-vao-ban-ket-asiad-khung-nhu-the-nao-c48a986080.html', '', '', 1, 0, 'quangcaoleft', 0, 0, 0, 0, ''),
(87, 0, '749662940419295.png', '', '749662940419295_275x385.png', '', 'Quàng cáo 3', '', 'https://www.24h.com.vn/bong-da/sao-u23-viet-nam-bat-ngo-bi-kiem-tra-doping-sau-tran-thang-syria-c48a986116.html', '', '', 1, 1, 'quangcaoleft', 0, 0, 0, 0, ''),
(88, 0, 'qc-1494.jpg', '', 'qc-1494_928x130.jpg', '', '', '', 'https://www.24h.com.vn/tin-tuc-trong-ngay/u23-vn-vao-ban-ket-nhung-chia-se-cua-quang-hai-van-toan-tien-dung-tren-facebook-khien-fan-am-long-c46a986149.html', '', '', 1, 1, 'quangcao_duoi', 0, 0, 0, 0, ''),
(89, 0, '641090299859424.jpg', '', '641090299859424_275x385.jpg', '', 'Quảng cáo 4', '', 'https://www.24h.com.vn/tin-tuc-trong-ngay/me-trung-ve-bui-tien-dung-toi-suyt-ngat-di-vi-sung-suong-c46a986113.html', '', '', 1, 1, 'quangcaoleft', 0, 0, 0, 0, ''),
(90, 0, '371063769694831.png', '', '371063769694831_615x148.png', '', 'Quảng cáo left', '', 'https://www.24h.com.vn/tin-tuc-trong-ngay/u23-viet-nam-vao-ban-ket-tang-bao-nhieu-chuyen-bay-den-indonesia-c46a986084.html', '', '', 1, 1, 'quangcaovideo', 0, 0, 0, 0, ''),
(91, 0, '635142031504773.png', '', '635142031504773_615x148.png', '', 'Quảng cáo right', '', 'https://www.24h.com.vn/tin-tuc-trong-ngay/u23-viet-nam-vao-ban-ket-tang-bao-nhieu-chuyen-bay-den-indonesia-c46a986084.html', '', '', 1, 1, 'quangcaovideo', 0, 0, 0, 0, ''),
(97, 0, '20150827110756dathongbao-6083.png', '', '20150827110756dathongbao-6083_600x600.png', '', '', '', 'http://www.moit.gov.vn/', '', '', 1, 1, 'bocongthuong', 0, 0, 0, 0, ''),
(98, 0, 'banner-508.jpg', '', 'banner-508_600x250.jpg', '', '', '', 'https://dangkykinhdoanh.gov.vn/vn/Pages/Trangchu.aspx', '', '', 1, 1, 'quangcao_left', 0, 0, 0, 0, ''),
(99, 0, 'banner-2999.jpg', '', 'banner-2999_600x250.jpg', '', '', '', 'https://dangkykinhdoanh.gov.vn/vn/Pages/Trangchu.aspx', '', '', 1, 1, 'quangcao_right', 0, 0, 0, 0, ''),
(104, 0, '831528111840760610x310-6413.jpg', '', '831528111840760610x310-6413_600x450.jpg', '', '', '', 'http://itpk.vn/', '', '', 1, 0, 'popup', 0, 0, 0, 0, ''),
(105, 0, 'imgweb4s-5733.png', '', 'imgweb4s-5733_326x254.png', '', '', '', '', '', '', 1, 1, 'bg_visao', 0, 0, 0, 0, ''),
(106, 0, 'bg2-87.jpg', '', 'bg2-87_1920x354.jpg', '', '', '', '', '', '', 1, 1, 'bg_mail', 0, 0, 0, 0, ''),
(107, 0, 'bgbrand-1269.png', '', 'bgbrand-1269_1920x354.png', '', '', '', '', '', '', 1, 1, 'bg_footer', 0, 0, 0, 0, ''),
(108, 0, '911173794383718.png', '', '911173794383718_1366x538.png', '', 'hoangminhloi.com', '', '', '', '', 1, 1, 'slider', 0, 0, 0, 0, ''),
(109, 0, '745602445159609.jpg', '', '745602445159609_222x192.jpg', '', 'Xây dựng', '', 'http://demo206.designitpk.vn/demowebthang112018/hoangminhloi/dich-vu/xay-dung-nha-pho', '<p>Xây dựng nhà phố, nhà kho, nhà xưởng với đội ngũ chuyên nghiệp</p>\r\n', '', 1, 1, 'thongtinslider', 0, 0, 0, 0, ''),
(113, 0, '836558847126536.jpg', '', '836558847126536_222x192.jpg', '', 'DỊCH VỤ CHỐNG THẤM', '', 'http://demo206.designitpk.vn/demowebthang112018/hoangminhloi/dich-vu/dich-vu-chong-tham', '<p>Hoàng Minh Lợi cung cấp dịch vụ chống thấm cho công trình, nhà phố</p>\r\n', '', 1, 1, 'thongtinslider', 0, 0, 0, 0, ''),
(110, 0, '171661107488153.jpg', '', '171661107488153_222x192.jpg', '', 'Sửa chữa', '', 'http://demo206.designitpk.vn/demowebthang112018/hoangminhloi/dich-vu/sua-chua-nha-dip-tet', '<p>Sữa Chữa Nhà phố, nhà xưởng. Hệ thống điện nước, điện lạnh.</p>\r\n', '', 1, 1, 'thongtinslider', 0, 0, 0, 0, ''),
(111, 0, '555763546047297.jpg', '', '555763546047297_222x192.jpg', '', 'Báo giá', '', 'bao-gia', '<p>Bảng báo giá chi tiết Thiết kế - Thi Công - Xây dựng.</p>\r\n', '', 1, 0, 'thongtinslider', 0, 0, 0, 0, ''),
(112, 0, 'untitled1-2838.jpg', '', 'untitled1-2838_1200x250.jpg', '', '', '', 'https://www.hoangminhloi.com', '', '', 1, 1, 'quangcao-giua', 0, 0, 0, 0, ''),
(114, 0, '686995755034816.png', '', '686995755034816_615x248.png', '', 'Quảng cáo 3', '', '', '', '', 1, 1, 'quangcao', 0, 0, 0, 0, ''),
(115, 0, '653259821328773.png', '', '653259821328773_615x248.png', '', 'Quảng cáo 4', '', '', '', '', 1, 1, 'quangcao', 0, 0, 0, 0, '');

-- --------------------------------------------------------

--
-- Structure de la table `table_place_city`
--

CREATE TABLE IF NOT EXISTS `table_place_city` (
  `id` int(11) NOT NULL AUTO_INCREMENT,
  `ten` varchar(255) NOT NULL,
  `tenkhongdau` varchar(255) NOT NULL,
  `stt` int(11) NOT NULL,
  `hienthi` int(11) NOT NULL,
  `ngaytao` int(11) NOT NULL,
  `ngaysua` int(11) NOT NULL,
  PRIMARY KEY (`id`)
) ENGINE=MyISAM  DEFAULT CHARSET=utf8 AUTO_INCREMENT=65 ;

--
-- Contenu de la table `table_place_city`
--

INSERT INTO `table_place_city` (`id`, `ten`, `tenkhongdau`, `stt`, `hienthi`, `ngaytao`, `ngaysua`) VALUES
(1, 'Hồ Chí Minh', 'ho-chi-minh', 1, 1, 1446429727, 1459671705),
(2, 'Hà Nội', 'ha-noi', 1, 1, 1446429727, 0),
(3, 'Bình Dương', 'binh-duong', 1, 1, 1446429727, 0),
(4, 'Đà Nẵng', 'da-nang', 1, 1, 1446429727, 0),
(5, 'Hải Phòng', 'hai-phong', 1, 1, 1446429727, 0),
(6, 'Long An', 'long-an', 1, 1, 1446429727, 0),
(7, 'Bà Rịa Vũng Tàu', 'ba-ria-vung-tau', 1, 1, 1446429727, 0),
(8, 'An Giang', 'an-giang', 1, 1, 1446429727, 0),
(9, 'Bắc Giang', 'bac-giang', 1, 1, 1446429727, 0),
(10, 'Bắc Kạn', 'bac-kan', 1, 1, 1446429727, 0),
(11, 'Bạc Liêu', 'bac-lieu', 1, 1, 1446429727, 1459671825),
(12, 'Bắc Ninh', 'bac-ninh', 1, 1, 1446429727, 0),
(13, 'Bến Tre', 'ben-tre', 1, 1, 1446429727, 0),
(14, 'Bình Định', 'binh-dinh', 1, 1, 1446429727, 0),
(15, 'Bình Phước', 'binh-phuoc', 1, 1, 1446429727, 0),
(16, 'Bình Thuận  ', 'binh-thuan', 1, 1, 1446429727, 0),
(17, 'Cà Mau', 'ca-mau', 1, 1, 1446429727, 0),
(18, 'Cần Thơ', 'can-tho', 1, 1, 1446429727, 0),
(19, 'Cao Bằng', 'cao-bang', 1, 1, 1446429727, 0),
(20, 'Đắk Lắk', 'dak-lak', 1, 1, 1446429727, 0),
(21, 'Đắk Nông', 'dak-nong', 1, 1, 1446429727, 0),
(22, 'Điện Biên', 'dien-bien', 1, 1, 1446429727, 0),
(23, 'Đồng Nai', 'dong-nai', 1, 1, 1446429727, 0),
(24, 'Đồng Tháp', 'dong-thap', 1, 1, 1446429727, 0),
(25, 'Gia Lai', 'gia-lai', 1, 1, 1446429727, 0),
(26, 'Hà Giang', 'ha-giang', 1, 1, 1446429727, 0),
(27, 'Hà Nam', 'ha-nam', 1, 1, 1446429727, 0),
(28, 'Hà Tĩnh', 'ha-tinh', 1, 1, 1446429727, 0),
(29, 'Hải Dương', 'hai-duong', 1, 1, 1446429727, 0),
(30, 'Hậu Giang', 'hau-giang', 1, 1, 1446429727, 0),
(31, 'Hòa Bình', 'hoa-binh', 1, 1, 1446429727, 0),
(32, 'Hưng Yên', 'hung-yen', 1, 1, 1446429727, 0),
(33, 'Khánh Hòa', 'khanh-hoa', 1, 1, 1446429727, 0),
(34, 'Kiên Giang', 'kien-giang', 1, 1, 1446429727, 0),
(35, 'Kon Tum', 'kon-tum', 1, 1, 1446429727, 0),
(36, 'Lai Châu', 'lai-chau', 1, 1, 1446429727, 0),
(37, 'Lâm Đồng', 'lam-dong', 1, 1, 1446429727, 0),
(38, 'Lạng Sơn', 'lang-son', 1, 1, 1446429727, 0),
(39, 'Lào Cai', 'lao-cai', 1, 1, 1446429727, 0),
(40, 'Nam Định', 'nam-dinh', 1, 1, 1446429727, 0),
(41, 'Nghệ An', 'nghe-an', 1, 1, 1446429727, 0),
(42, 'Ninh Bình', 'ninh-binh', 1, 1, 1446429727, 0),
(43, 'Ninh Thuận', 'ninh-thuan', 1, 1, 1446429727, 0),
(44, 'Phú Thọ', 'phu-tho', 1, 1, 1446429727, 0),
(45, 'Phú Yên', 'phu-yen', 1, 1, 1446429727, 0),
(46, 'Quảng Bình', 'quang-binh', 1, 1, 1446429727, 0),
(47, 'Quảng Nam', 'quang-nam', 1, 1, 1446429727, 0),
(48, 'Quảng Ngãi', 'quang-ngai', 1, 1, 1446429727, 0),
(49, 'Quảng Ninh', 'quang-ninh', 1, 1, 1446429727, 0),
(50, 'Quảng Trị', 'quang-tri', 1, 1, 1446429727, 0),
(51, 'Sóc Trăng', 'soc-trang', 1, 1, 1446429727, 0),
(52, 'Sơn La', 'son-la', 1, 1, 1446429727, 0),
(53, 'Tây Ninh', 'tay-ninh', 1, 1, 1446429727, 0),
(54, 'Thái Bình', 'thai-binh', 1, 1, 1446429727, 0),
(55, 'Thái Nguyên', 'thai-nguyen', 1, 1, 1446429727, 0),
(56, 'Thanh Hóa', 'thanh-hoa', 1, 1, 1446429727, 0),
(57, 'Thừa Thiên Huế', 'thua-thien-hue', 1, 1, 1446429727, 0),
(58, 'Tiền Giang', 'tien-giang', 1, 1, 1446429727, 0),
(59, 'Trà Vinh', 'tra-vinh', 1, 1, 1446429727, 0),
(60, 'Tuyên Quang', 'tuyen-quang', 1, 1, 1446429727, 0),
(61, 'Vĩnh Long', 'vinh-long', 1, 1, 1446429727, 0),
(62, 'Vĩnh Phúc', 'vinh-phuc', 1, 1, 1446429727, 0),
(63, 'Yên Bái', 'yen-bai', 1, 1, 1446429727, 0);

-- --------------------------------------------------------

--
-- Structure de la table `table_place_dist`
--

CREATE TABLE IF NOT EXISTS `table_place_dist` (
  `id` int(11) NOT NULL AUTO_INCREMENT,
  `id_city` int(11) NOT NULL,
  `ten` varchar(255) NOT NULL,
  `tenkhongdau` varchar(255) NOT NULL,
  `stt` int(11) NOT NULL,
  `hienthi` int(11) NOT NULL,
  `ngaytao` int(11) NOT NULL,
  `ngaysua` int(11) NOT NULL,
  `gia` int(11) NOT NULL,
  PRIMARY KEY (`id`)
) ENGINE=MyISAM  DEFAULT CHARSET=utf8 AUTO_INCREMENT=706 ;

--
-- Contenu de la table `table_place_dist`
--

INSERT INTO `table_place_dist` (`id`, `id_city`, `ten`, `tenkhongdau`, `stt`, `hienthi`, `ngaytao`, `ngaysua`, `gia`) VALUES
(1, 1, 'Bình Chánh', 'binh-chanh', 1, 1, 1446429779, 1486002134, 0),
(2, 1, 'Bình Tân', 'binh-tan', 1, 1, 1446429779, 0, 0),
(3, 1, 'Bình Thạnh', 'binh-thanh', 1, 1, 1446429779, 0, 0),
(4, 1, 'Cần Giờ', 'can-gio', 1, 1, 1446429779, 0, 0),
(5, 1, 'Củ Chi', 'cu-chi', 1, 1, 1446429779, 0, 0),
(6, 1, 'Gò Vấp', 'go-vap', 1, 1, 1446429779, 0, 0),
(7, 1, 'Hóc Môn', 'hoc-mon', 1, 1, 1446429779, 0, 0),
(8, 1, 'Nhà Bè', 'nha-be', 1, 1, 1446429779, 0, 0),
(9, 1, 'Phú Nhuận', 'phu-nhuan', 1, 1, 1446429779, 0, 0),
(10, 1, 'Quận 1', 'quan-1', 1, 1, 1446429779, 0, 0),
(11, 1, 'Quận 10', 'quan-10', 1, 1, 1446429779, 0, 0),
(12, 1, 'Quận 11', 'quan-11', 1, 1, 1446429779, 0, 0),
(13, 1, 'Quận 12', 'quan-12', 1, 1, 1446429779, 0, 0),
(14, 1, 'Quận 2', 'quan-2', 1, 1, 1446429779, 0, 0),
(15, 1, 'Quận 3', 'quan-3', 1, 1, 1446429779, 0, 0),
(16, 1, 'Quận 4', 'quan-4', 1, 1, 1446429779, 0, 0),
(17, 1, 'Quận 5', 'quan-5', 1, 1, 1446429779, 0, 0),
(18, 1, 'Quận 6', 'quan-6', 1, 1, 1446429779, 0, 0),
(19, 1, 'Quận 7', 'quan-7', 1, 1, 1446429779, 0, 0),
(20, 1, 'Quận 8', 'quan-8', 1, 1, 1446429779, 0, 0),
(21, 1, 'Quận 9', 'quan-9', 1, 1, 1446429779, 0, 0),
(22, 1, 'Thủ Đức', 'thu-duc', 1, 1, 1446429779, 0, 0),
(23, 1, 'Tân Bình', 'tan-binh', 1, 1, 1446429779, 0, 0),
(24, 1, 'Tân Phú', 'tan-phu', 1, 1, 1446429779, 0, 0),
(25, 2, 'Ba Đình', 'ba-dinh', 1, 1, 1446429779, 0, 0),
(26, 2, 'Ba Vì', 'ba-vi', 1, 1, 1446429779, 0, 0),
(27, 2, 'Bắc Từ Liêm', 'bac-tu-liem', 1, 1, 1446429779, 0, 0),
(28, 2, 'Cầu Giấy', 'cau-giay', 1, 1, 1446429779, 0, 0),
(29, 2, 'Chương Mỹ', 'chuong-my', 1, 1, 1446429779, 0, 0),
(30, 2, 'Đan Phượng', 'dan-phuong', 1, 1, 1446429779, 0, 0),
(31, 2, 'Đông Anh', 'dong-anh', 1, 1, 1446429779, 0, 0),
(32, 2, 'Đống Đa', 'dong-da', 1, 1, 1446429779, 0, 0),
(33, 2, 'Gia Lâm', 'gia-lam', 1, 1, 1446429779, 0, 0),
(34, 2, 'Hà Đông', 'ha-dong', 1, 1, 1446429779, 0, 0),
(35, 2, 'Hai Bà Trưng', 'hai-ba-trung', 1, 1, 1446429779, 0, 0),
(36, 2, 'Hoài Đức', 'hoai-duc', 1, 1, 1446429779, 0, 0),
(37, 2, 'Hoàn Kiếm', 'hoan-kiem', 1, 1, 1446429779, 0, 0),
(38, 2, 'Hoàng Mai', 'hoang-mai', 1, 1, 1446429779, 0, 0),
(39, 2, 'Long Biên', 'long-bien', 1, 1, 1446429779, 0, 0),
(40, 2, 'Mê Linh', 'me-linh', 1, 1, 1446429779, 0, 0),
(41, 2, 'Mỹ Đức', 'my-duc', 1, 1, 1446429779, 0, 0),
(42, 2, 'Nam Từ Liêm', 'nam-tu-liem', 1, 1, 1446429779, 0, 0),
(43, 2, 'Phú Xuyên', 'phu-xuyen', 1, 1, 1446429779, 0, 0),
(44, 2, 'Phúc Thọ', 'phuc-tho', 1, 1, 1446429779, 0, 0),
(45, 2, 'Quốc Oai', 'quoc-oai', 1, 1, 1446429779, 0, 0),
(46, 2, 'Sóc Sơn', 'soc-son', 1, 1, 1446429779, 0, 0),
(47, 2, 'Sơn Tây', 'son-tay', 1, 1, 1446429779, 0, 0),
(48, 2, 'Tây Hồ', 'tay-ho', 1, 1, 1446429779, 0, 0),
(49, 2, 'Thạch Thất', 'thach-that', 1, 1, 1446429779, 0, 0),
(50, 2, 'Thanh Oai', 'thanh-oai', 1, 1, 1446429779, 0, 0),
(51, 2, 'Thanh Trì', 'thanh-tri', 1, 1, 1446429779, 0, 0),
(52, 2, 'Thanh Xuân', 'thanh-xuan', 1, 1, 1446429779, 0, 0),
(53, 2, 'Thường Tín', 'thuong-tin', 1, 1, 1446429779, 0, 0),
(54, 2, 'Ứng Hòa', 'ung-hoa', 1, 1, 1446429779, 0, 0),
(55, 3, 'Bàu Bàng', 'bau-bang', 1, 1, 1446429779, 0, 0),
(56, 3, 'Bến Cát', 'ben-cat', 1, 1, 1446429779, 0, 0),
(57, 3, 'Dầu Tiếng', 'dau-tieng', 1, 1, 1446429779, 0, 0),
(58, 3, 'Tân Uyên', 'tan-uyen', 1, 1, 1446429779, 0, 0),
(59, 3, 'Dĩ An', 'di-an', 1, 1, 1446429779, 0, 0),
(60, 3, 'Phú Giáo', 'phu-giao', 1, 1, 1446429779, 0, 0),
(61, 3, 'Thủ Dầu Một', 'thu-dau-mot', 1, 1, 1446429779, 0, 0),
(62, 3, 'Thuận An', 'thuan-an', 1, 1, 1446429779, 0, 0),
(63, 4, 'Cẩm Lệ', 'cam-le', 1, 1, 1446429779, 0, 0),
(64, 4, 'Hải Châu', 'hai-chau', 1, 1, 1446429779, 0, 0),
(65, 4, 'Hòa Vang', 'hoa-vang', 1, 1, 1446429779, 0, 0),
(66, 4, 'Hoàng Sa', 'hoang-sa', 1, 1, 1446429779, 0, 0),
(67, 4, 'Liên Chiểu', 'lien-chieu', 1, 1, 1446429779, 0, 0),
(68, 4, 'Ngũ Hành Sơn', 'ngu-hanh-son', 1, 1, 1446429779, 0, 0),
(69, 4, 'Sơn Trà', 'son-tra', 1, 1, 1446429779, 0, 0),
(70, 4, 'Thanh Khê', 'thanh-khe', 1, 1, 1446429779, 0, 0),
(71, 5, 'An Dương', 'an-duong', 1, 1, 1446429779, 0, 0),
(72, 5, 'An Lão', 'an-lao', 1, 1, 1446429779, 0, 0),
(73, 5, 'Bạch Long Vĩ', 'bach-long-vi', 1, 1, 1446429779, 0, 0),
(74, 5, 'Cát Hải', 'cat-hai', 1, 1, 1446429779, 0, 0),
(75, 5, 'Đồ Sơn', 'do-son', 1, 1, 1446429779, 0, 0),
(76, 5, 'Dương Kinh', 'duong-kinh', 1, 1, 1446429779, 0, 0),
(77, 5, 'Hải An', 'hai-an', 1, 1, 1446429779, 0, 0),
(78, 5, 'Hồng Bàng', 'hong-bang', 1, 1, 1446429779, 0, 0),
(79, 5, 'Kiến An', 'kien-an', 1, 1, 1446429779, 0, 0),
(80, 5, 'Kiến Thụy', 'kien-thuy', 1, 1, 1446429779, 0, 0),
(81, 5, 'Lê Chân', 'le-chan', 1, 1, 1446429779, 0, 0),
(82, 5, 'Ngô Quyền', 'ngo-quyen', 1, 1, 1446429779, 0, 0),
(83, 5, 'Thủy Nguyên', 'thuy-nguyen', 1, 1, 1446429779, 0, 0),
(84, 5, 'Tiên Lãng', 'tien-lang', 1, 1, 1446429779, 0, 0),
(85, 5, 'Vĩnh Bảo', 'vinh-bao', 1, 1, 1446429779, 0, 0),
(86, 6, 'Bến Lức', 'ben-luc', 1, 1, 1446429779, 0, 0),
(87, 6, 'Cần Đước', 'can-duoc', 1, 1, 1446429779, 0, 0),
(88, 6, 'Cần Giuộc', 'can-giuoc', 1, 1, 1446429779, 0, 0),
(89, 6, 'Châu Thành', 'chau-thanh', 1, 1, 1446429779, 0, 0),
(90, 6, 'Đức Hòa', 'duc-hoa', 1, 1, 1446429779, 0, 0),
(91, 6, 'Đức Huệ', 'duc-hue', 1, 1, 1446429779, 0, 0),
(92, 6, 'Kiến Tường', 'kien-tuong', 1, 1, 1446429779, 0, 0),
(93, 6, 'Mộc Hóa', 'moc-hoa', 1, 1, 1446429779, 0, 0),
(94, 6, 'Tân An', 'tan-an', 1, 1, 1446429779, 0, 0),
(95, 6, 'Tân Hưng', 'tan-hung', 1, 1, 1446429779, 0, 0),
(96, 6, 'Tân Thạnh', 'tan-thanh', 1, 1, 1446429779, 0, 0),
(97, 6, 'Tân Trụ', 'tan-tru', 1, 1, 1446429779, 0, 0),
(98, 6, 'Thạnh Hóa', 'thanh-hoa', 1, 1, 1446429779, 0, 0),
(99, 6, 'Thủ Thừa', 'thu-thua', 1, 1, 1446429779, 0, 0),
(100, 6, 'Vĩnh Hưng', 'vinh-hung', 1, 1, 1446429779, 0, 0),
(101, 7, 'Bà Rịa', 'ba-ria', 1, 1, 1446429779, 0, 0),
(102, 7, 'Châu Đức', 'chau-duc', 1, 1, 1446429779, 0, 0),
(103, 7, 'Côn Đảo', 'con-dao', 1, 1, 1446429779, 0, 0),
(104, 7, 'Đất Đỏ', 'dat-do', 1, 1, 1446429779, 0, 0),
(105, 7, 'Long Điền', 'long-dien', 1, 1, 1446429779, 0, 0),
(106, 7, 'Tân Thành', 'tan-thanh', 1, 1, 1446429779, 0, 0),
(107, 7, 'Vũng Tàu', 'vung-tau', 1, 1, 1446429779, 0, 0),
(108, 7, 'Xuyên Mộc', 'xuyen-moc', 1, 1, 1446429779, 0, 0),
(109, 8, 'An Phú', 'an-phu', 1, 1, 1446429779, 0, 0),
(110, 8, 'Châu Đốc', 'chau-doc', 1, 1, 1446429779, 0, 0),
(111, 8, 'Châu Phú', 'chau-phu', 1, 1, 1446429779, 0, 0),
(112, 8, 'Châu Thành', 'chau-thanh', 1, 1, 1446429779, 0, 0),
(113, 8, 'Chợ Mới', 'cho-moi', 1, 1, 1446429779, 0, 0),
(114, 8, 'Long Xuyên', 'long-xuyen', 1, 1, 1446429779, 0, 0),
(115, 8, 'Phú Tân', 'phu-tan', 1, 1, 1446429779, 0, 0),
(116, 8, 'Tân Châu', 'tan-chau', 1, 1, 1446429779, 0, 0),
(117, 8, 'Thoại Sơn', 'thoai-son', 1, 1, 1446429779, 0, 0),
(118, 8, 'Tịnh Biên', 'tinh-bien', 1, 1, 1446429779, 0, 0),
(119, 8, 'Tri Tôn', 'tri-ton', 1, 1, 1446429779, 0, 0),
(120, 9, 'Bắc Giang', 'bac-giang', 1, 1, 1446429779, 0, 0),
(121, 9, 'Hiệp Hòa', 'hiep-hoa', 1, 1, 1446429779, 0, 0),
(122, 9, 'Lạng Giang', 'lang-giang', 1, 1, 1446429779, 0, 0),
(123, 9, 'Lục Nam', 'luc-nam', 1, 1, 1446429779, 0, 0),
(124, 9, 'Lục Ngạn', 'luc-ngan', 1, 1, 1446429779, 0, 0),
(125, 9, 'Sơn Động', 'son-dong', 1, 1, 1446429779, 0, 0),
(126, 9, 'Tân Yên', 'tan-yen', 1, 1, 1446429779, 0, 0),
(127, 9, 'Việt Yên', 'viet-yen', 1, 1, 1446429779, 0, 0),
(128, 9, 'Yên Dũng', 'yen-dung', 1, 1, 1446429779, 0, 0),
(129, 9, 'Yên Thế', 'yen-the', 1, 1, 1446429779, 0, 0),
(130, 10, 'Ba Bể', 'ba-be', 1, 1, 1446429779, 0, 0),
(131, 10, 'Bắc Kạn', 'bac-kan', 1, 1, 1446429779, 0, 0),
(132, 10, 'Bạch Thông', 'bach-thong', 1, 1, 1446429779, 0, 0),
(133, 10, 'Chợ Đồn', 'cho-don', 1, 1, 1446429779, 0, 0),
(134, 10, 'Chợ Mới', 'cho-moi', 1, 1, 1446429779, 0, 0),
(135, 10, 'Na Rì', 'na-ri', 1, 1, 1446429779, 0, 0),
(136, 10, 'Ngân Sơn', 'ngan-son', 1, 1, 1446429779, 0, 0),
(137, 10, 'Pác Nặm', 'pac-nam', 1, 1, 1446429779, 0, 0),
(138, 11, 'Bạc Liêu', 'bac-lieu', 1, 1, 1446429779, 0, 0),
(139, 11, 'Đông Hải', 'dong-hai', 1, 1, 1446429779, 0, 0),
(140, 11, 'Giá Rai', 'gia-rai', 1, 1, 1446429779, 0, 0),
(141, 11, 'Hòa Bình', 'hoa-binh', 1, 1, 1446429779, 0, 0),
(142, 11, 'Hồng Dân', 'hong-dan', 1, 1, 1446429779, 0, 0),
(143, 11, 'Phước Long', 'phuoc-long', 1, 1, 1446429779, 0, 0),
(144, 11, 'Vĩnh Lợi', 'vinh-loi', 1, 1, 1446429779, 0, 0),
(145, 12, 'Bắc Ninh', 'bac-ninh', 1, 1, 1446429779, 0, 0),
(146, 12, 'Gia Bình', 'gia-binh', 1, 1, 1446429779, 0, 0),
(147, 12, 'Quế Võ', 'que-vo', 1, 1, 1446429779, 0, 0),
(148, 12, 'Thuận Thành', 'thuan-thanh', 1, 1, 1446429779, 0, 0),
(149, 12, 'Lương Tài', 'luong-tai', 1, 1, 1446429779, 0, 0),
(150, 12, 'Tiên Du', 'tien-du', 1, 1, 1446429779, 0, 0),
(151, 12, 'Từ Sơn', 'tu-son', 1, 1, 1446429779, 0, 0),
(152, 12, 'Yên Phong', 'yen-phong', 1, 1, 1446429779, 0, 0),
(153, 13, 'Ba Tri', 'ba-tri', 1, 1, 1446429779, 0, 0),
(154, 13, 'Bến Tre', 'ben-tre', 1, 1, 1446429779, 0, 0),
(155, 13, 'Bình Đại', 'binh-dai', 1, 1, 1446429779, 0, 0),
(156, 13, 'Châu Thành', 'chau-thanh', 1, 1, 1446429779, 0, 0),
(157, 13, 'Chợ Lách', 'cho-lach', 1, 1, 1446429779, 0, 0),
(158, 13, 'Giồng Trôm', 'giong-trom', 1, 1, 1446429779, 0, 0),
(159, 13, 'Mỏ Cày Bắc', 'mo-cay-bac', 1, 1, 1446429779, 0, 0),
(160, 13, 'Mỏ Cày Nam', 'mo-cay-nam', 1, 1, 1446429779, 0, 0),
(161, 13, 'Thạnh Phú', 'thanh-phu', 1, 1, 1446429779, 0, 0),
(162, 14, 'An Lão', 'an-lao', 1, 1, 1446429779, 0, 0),
(163, 14, 'An Nhơn', 'an-nhon', 1, 1, 1446429779, 0, 0),
(164, 14, 'Hoài Ân', 'hoai-an', 1, 1, 1446429779, 0, 0),
(165, 14, 'Phù Mỹ', 'phu-my', 1, 1, 1446429779, 0, 0),
(166, 14, 'Phù Cát', 'phu-cat', 1, 1, 1446429779, 0, 0),
(167, 14, 'Hoài Nhơn', 'hoai-nhon', 1, 1, 1446429779, 0, 0),
(168, 14, 'Quy Nhơn', 'quy-nhon', 1, 1, 1446429779, 0, 0),
(169, 14, 'Tây Sơn', 'tay-son', 1, 1, 1446429779, 0, 0),
(170, 14, 'Tuy Phước', 'tuy-phuoc', 1, 1, 1446429779, 0, 0),
(171, 14, 'Vân Canh', 'van-canh', 1, 1, 1446429779, 0, 0),
(172, 14, 'Vĩnh Thạnh', 'vinh-thanh', 1, 1, 1446429779, 0, 0),
(173, 15, 'Bình Long', 'binh-long', 1, 1, 1446429779, 0, 0),
(174, 15, 'Bù Đăng', 'bu-dang', 1, 1, 1446429779, 0, 0),
(175, 15, 'Bù Đốp', 'bu-dop', 1, 1, 1446429779, 0, 0),
(176, 15, 'Bù Gia Mập', 'bu-gia-map', 1, 1, 1446429779, 0, 0),
(177, 15, 'Chơn Thành', 'chon-thanh', 1, 1, 1446429779, 0, 0),
(178, 15, 'Đồng Phú', 'dong-phu', 1, 1, 1446429779, 0, 0),
(179, 15, 'Đồng Xoài', 'dong-xoai', 1, 1, 1446429779, 0, 0),
(180, 15, 'Hớn Quản', 'hon-quan', 1, 1, 1446429779, 0, 0),
(181, 15, 'Lộc Ninh', 'loc-ninh', 1, 1, 1446429779, 0, 0),
(182, 15, 'Phú Riềng', 'phu-rieng', 1, 1, 1446429779, 0, 0),
(183, 15, 'Phước Long', 'phuoc-long', 1, 1, 1446429779, 0, 0),
(184, 16, 'Bắc Bình', 'bac-binh', 1, 1, 1446429779, 0, 0),
(185, 16, 'Đảo Phú Quý', 'dao-phu-quy', 1, 1, 1446429779, 0, 0),
(186, 16, 'Đức Linh', 'duc-linh', 1, 1, 1446429779, 0, 0),
(187, 16, 'Hàm Thuận Bắc', 'ham-thuan-bac', 1, 1, 1446429779, 0, 0),
(188, 16, 'Hàm Thuận Nam', 'ham-thuan-nam', 1, 1, 1446429779, 0, 0),
(189, 16, 'Hàm Tân', 'ham-tan', 1, 1, 1446429779, 0, 0),
(190, 16, 'La Gi', 'la-gi', 1, 1, 1446429779, 0, 0),
(191, 16, 'Phan Thiết', 'phan-thiet', 1, 1, 1446429779, 0, 0),
(192, 16, 'Tánh Linh', 'tanh-linh', 1, 1, 1446429779, 0, 0),
(193, 16, 'Tuy Phong', 'tuy-phong', 1, 1, 1446429779, 0, 0),
(194, 17, 'Cà Mau', 'ca-mau', 1, 1, 1446429779, 0, 0),
(195, 17, 'Cái Nước', 'cai-nuoc', 1, 1, 1446429779, 0, 0),
(196, 17, 'Đầm Dơi', 'dam-doi', 1, 1, 1446429779, 0, 0),
(197, 17, 'Năm Căn', 'nam-can', 1, 1, 1446429779, 0, 0),
(198, 17, 'Ngọc Hiển', 'ngoc-hien', 1, 1, 1446429779, 0, 0),
(199, 17, 'Phú Tân', 'phu-tan', 1, 1, 1446429779, 0, 0),
(200, 17, 'Thới Bình', 'thoi-binh', 1, 1, 1446429779, 0, 0),
(201, 17, 'Trần Văn Thời', 'tran-van-thoi', 1, 1, 1446429779, 0, 0),
(202, 17, 'U Minh', 'u-minh', 1, 1, 1446429779, 0, 0),
(203, 18, ' Thới Lai', 'thoi-lai', 1, 1, 1446429779, 0, 0),
(204, 18, 'Bình Thủy', 'binh-thuy', 1, 1, 1446429779, 0, 0),
(205, 18, 'Cái Răng', 'cai-rang', 1, 1, 1446429779, 0, 0),
(206, 18, 'Ô Môn', 'o-mon', 1, 1, 1446429779, 0, 0),
(207, 18, 'Cờ Đỏ', 'co-do', 1, 1, 1446429779, 0, 0),
(208, 18, 'Phong Điền', 'phong-dien', 1, 1, 1446429779, 0, 0),
(209, 18, 'Ninh Kiều', 'ninh-kieu', 1, 1, 1446429779, 0, 0),
(210, 18, 'Thốt Nốt', 'thot-not', 1, 1, 1446429779, 0, 0),
(211, 18, 'Vĩnh Thạnh', 'vinh-thanh', 1, 1, 1446429779, 0, 0),
(212, 19, 'Bảo Lạc', 'bao-lac', 1, 1, 1446429779, 0, 0),
(213, 19, 'Bảo Lâm', 'bao-lam', 1, 1, 1446429779, 0, 0),
(214, 19, 'Cao Bằng', 'cao-bang', 1, 1, 1446429779, 0, 0),
(215, 19, 'Hạ Lang', 'ha-lang', 1, 1, 1446429779, 0, 0),
(216, 19, 'Hà Quảng', 'ha-quang', 1, 1, 1446429779, 0, 0),
(217, 19, 'Hòa An', 'hoa-an', 1, 1, 1446429779, 0, 0),
(218, 19, 'Nguyên Bình', 'nguyen-binh', 1, 1, 1446429779, 0, 0),
(219, 19, 'Phục Hòa', 'phuc-hoa', 1, 1, 1446429779, 0, 0),
(220, 19, 'Quảng Uyên', 'quang-uyen', 1, 1, 1446429779, 0, 0),
(221, 19, 'Thạch An', 'thach-an', 1, 1, 1446429779, 0, 0),
(222, 19, 'Thông Nông', 'thong-nong', 1, 1, 1446429779, 0, 0),
(223, 19, 'Trà Lĩnh', 'tra-linh', 1, 1, 1446429779, 0, 0),
(224, 19, 'Trùng Khánh', 'trung-khanh', 1, 1, 1446429779, 0, 0),
(225, 20, 'Buôn Đôn', 'buon-don', 1, 1, 1446429779, 0, 0),
(226, 20, 'Buôn Hồ', 'buon-ho', 1, 1, 1446429779, 0, 0),
(227, 20, 'Buôn Ma Thuột', 'buon-ma-thuot', 1, 1, 1446429779, 0, 0),
(228, 20, 'Cư Kuin', 'cu-kuin', 1, 1, 1446429779, 0, 0),
(229, 20, 'Ea Kar', 'ea-kar', 1, 1, 1446429779, 0, 0),
(230, 20, 'Ea Súp', 'ea-sup', 1, 1, 1446429779, 0, 0),
(231, 20, 'Krông Ana', 'krong-ana', 1, 1, 1446429779, 0, 0),
(232, 20, 'Krông Bông', 'krong-bong', 1, 1, 1446429779, 0, 0),
(233, 20, 'Krông Buk', 'krong-buk', 1, 1, 1446429779, 0, 0),
(234, 20, 'Krông Năng', 'krong-nang', 1, 1, 1446429779, 0, 0),
(235, 20, 'Krông Pắc', 'krong-pac', 1, 1, 1446429779, 0, 0),
(236, 20, 'Lăk', 'lak', 1, 1, 1446429779, 0, 0),
(237, 21, 'Cư Jút', 'cu-jut', 1, 1, 1446429779, 0, 0),
(238, 21, 'Dăk GLong', 'dak-glong', 1, 1, 1446429779, 0, 0),
(239, 21, 'Dăk Mil', 'dak-mil', 1, 1, 1446429779, 0, 0),
(240, 21, 'Dăk Song', 'dak-song', 1, 1, 1446429779, 0, 0),
(241, 21, 'Gia Nghĩa', 'gia-nghia', 1, 1, 1446429779, 0, 0),
(242, 21, 'Krông Nô', 'krong-no', 1, 1, 1446429779, 0, 0),
(243, 21, 'Tuy Đức', 'tuy-duc', 1, 1, 1446429779, 0, 0),
(244, 22, 'Điện Biên', 'dien-bien', 1, 1, 1446429779, 0, 0),
(245, 22, 'Điện Biên Đông', 'dien-bien-dong', 1, 1, 1446429779, 0, 0),
(246, 22, 'Mường Ảng', 'muong-ang', 1, 1, 1446429779, 0, 0),
(247, 22, 'Mường Chà', 'muong-cha', 1, 1, 1446429779, 0, 0),
(248, 22, 'Mường Lay', 'muong-lay', 1, 1, 1446429779, 0, 0),
(249, 22, 'Điện Biên Phủ', 'dien-bien-phu', 1, 1, 1446429779, 0, 0),
(250, 22, 'Mường Nhé', 'muong-nhe', 1, 1, 1446429779, 0, 0),
(251, 22, 'Nậm Pồ', 'nam-po', 1, 1, 1446429779, 0, 0),
(252, 22, 'Tủa Chùa', 'tua-chua', 1, 1, 1446429779, 0, 0),
(253, 22, 'Tuần Giáo', 'tuan-giao', 1, 1, 1446429779, 0, 0),
(254, 23, 'Biên Hòa', 'bien-hoa', 1, 1, 1446429779, 0, 0),
(255, 23, 'Cẩm Mỹ', 'cam-my', 1, 1, 1446429779, 0, 0),
(256, 23, 'Định Quán', 'dinh-quan', 1, 1, 1446429779, 0, 0),
(257, 23, 'Long Thành', 'long-thanh', 1, 1, 1446429779, 0, 0),
(258, 23, 'Nhơn Trạch', 'nhon-trach', 1, 1, 1446429779, 0, 0),
(259, 23, 'Long Khánh', 'long-khanh', 1, 1, 1446429779, 0, 0),
(260, 23, 'Tân Phú', 'tan-phu', 1, 1, 1446429779, 0, 0),
(261, 23, 'Thống Nhất', 'thong-nhat', 1, 1, 1446429779, 0, 0),
(262, 23, 'Trảng Bom', 'trang-bom', 1, 1, 1446429779, 0, 0),
(263, 23, 'Vĩnh Cửu', 'vinh-cuu', 1, 1, 1446429779, 0, 0),
(264, 23, 'Xuân Lộc', 'xuan-loc', 1, 1, 1446429779, 0, 0),
(265, 24, 'Châu Thành', 'chau-thanh', 1, 1, 1446429779, 0, 0),
(266, 24, 'Huyện Cao Lãnh', 'huyen-cao-lanh', 1, 1, 1446429779, 0, 0),
(267, 24, 'Huyện Hồng Ngự', 'huyen-hong-ngu', 1, 1, 1446429779, 0, 0),
(268, 24, 'Lai Vung', 'lai-vung', 1, 1, 1446429779, 0, 0),
(269, 24, 'Lấp Vò', 'lap-vo', 1, 1, 1446429779, 0, 0),
(270, 24, 'Sa Đéc', 'sa-dec', 1, 1, 1446429779, 0, 0),
(271, 24, 'Tam Nông', 'tam-nong', 1, 1, 1446429779, 0, 0),
(272, 24, 'Tân Hồng', 'tan-hong', 1, 1, 1446429779, 0, 0),
(273, 24, 'Thanh Bình', 'thanh-binh', 1, 1, 1446429779, 0, 0),
(274, 24, 'Tháp Mười', 'thap-muoi', 1, 1, 1446429779, 0, 0),
(275, 24, 'Thị xã Hồng Ngự', 'thi-xa-hong-ngu', 1, 1, 1446429779, 0, 0),
(276, 24, 'Tp. Cao Lãnh', 'tp-cao-lanh', 1, 1, 1446429779, 0, 0),
(277, 25, 'An Khê', 'an-khe', 1, 1, 1446429779, 0, 0),
(278, 25, 'AYun Pa', 'ayun-pa', 1, 1, 1446429779, 0, 0),
(279, 25, 'Chư Păh', 'chu-pah', 1, 1, 1446429779, 0, 0),
(280, 25, 'Chư Pưh', 'chu-puh', 1, 1, 1446429779, 0, 0),
(281, 25, 'Chư Sê', 'chu-se', 1, 1, 1446429779, 0, 0),
(282, 25, 'ChưPRông', 'chuprong', 1, 1, 1446429779, 0, 0),
(283, 25, 'Đăk Đoa', 'dak-doa', 1, 1, 1446429779, 0, 0),
(284, 25, 'Đăk Pơ', 'dak-po', 1, 1, 1446429779, 0, 0),
(285, 25, 'Đức Cơ', 'duc-co', 1, 1, 1446429779, 0, 0),
(286, 25, 'Ia Grai', 'ia-grai', 1, 1, 1446429779, 0, 0),
(287, 25, 'Ia Pa', 'ia-pa', 1, 1, 1446429779, 0, 0),
(288, 25, 'KBang', 'kbang', 1, 1, 1446429779, 0, 0),
(289, 25, 'Kông Chro', 'kong-chro', 1, 1, 1446429779, 0, 0),
(290, 25, 'Krông Pa', 'krong-pa', 1, 1, 1446429779, 0, 0),
(291, 25, 'Mang Yang', 'mang-yang', 1, 1, 1446429779, 0, 0),
(292, 25, 'Phú Thiện', 'phu-thien', 1, 1, 1446429779, 0, 0),
(293, 25, 'Plei Ku', 'plei-ku', 1, 1, 1446429779, 0, 0),
(294, 26, 'Bắc Mê', 'bac-me', 1, 1, 1446429779, 0, 0),
(295, 26, 'Bắc Quang', 'bac-quang', 1, 1, 1446429779, 0, 0),
(296, 26, 'Đồng Văn', 'dong-van', 1, 1, 1446429779, 0, 0),
(297, 26, 'Hà Giang', 'ha-giang', 1, 1, 1446429779, 0, 0),
(298, 26, 'Hoàng Su Phì', 'hoang-su-phi', 1, 1, 1446429779, 0, 0),
(299, 26, 'Mèo Vạc', 'meo-vac', 1, 1, 1446429779, 0, 0),
(300, 26, 'Quản Bạ', 'quan-ba', 1, 1, 1446429779, 0, 0),
(301, 26, 'Quang Bình', 'quang-binh', 1, 1, 1446429779, 0, 0),
(302, 26, 'Vị Xuyên', 'vi-xuyen', 1, 1, 1446429779, 0, 0),
(303, 26, 'Xín Mần', 'xin-man', 1, 1, 1446429779, 0, 0),
(304, 26, 'Yên Minh', 'yen-minh', 1, 1, 1446429779, 0, 0),
(305, 27, 'Bình Lục', 'binh-luc', 1, 1, 1446429779, 0, 0),
(306, 27, 'Duy Tiên', 'duy-tien', 1, 1, 1446429779, 0, 0),
(307, 27, 'Kim Bảng', 'kim-bang', 1, 1, 1446429779, 0, 0),
(308, 27, 'Lý Nhân', 'ly-nhan', 1, 1, 1446429779, 0, 0),
(309, 27, 'Phủ Lý', 'phu-ly', 1, 1, 1446429779, 0, 0),
(310, 27, 'Thanh Liêm', 'thanh-liem', 1, 1, 1446429779, 0, 0),
(311, 28, 'Cẩm Xuyên', 'cam-xuyen', 1, 1, 1446429779, 0, 0),
(312, 28, 'Can Lộc', 'can-loc', 1, 1, 1446429779, 0, 0),
(313, 28, 'Đức Thọ', 'duc-tho', 1, 1, 1446429779, 0, 0),
(314, 28, 'Hà Tĩnh', 'ha-tinh', 1, 1, 1446429779, 0, 0),
(315, 28, 'Hồng Lĩnh', 'hong-linh', 1, 1, 1446429779, 0, 0),
(316, 28, 'Hương Khê', 'huong-khe', 1, 1, 1446429779, 0, 0),
(317, 28, 'Hương Sơn', 'huong-son', 1, 1, 1446429779, 0, 0),
(318, 28, 'Kỳ Anh', 'ky-anh', 1, 1, 1446429779, 0, 0),
(319, 28, 'Lộc Hà', 'loc-ha', 1, 1, 1446429779, 0, 0),
(320, 28, 'Nghi Xuân', 'nghi-xuan', 1, 1, 1446429779, 0, 0),
(321, 28, 'Thạch Hà', 'thach-ha', 1, 1, 1446429779, 0, 0),
(322, 28, 'Vũ Quang', 'vu-quang', 1, 1, 1446429779, 0, 0),
(323, 29, 'Bình Giang', 'binh-giang', 1, 1, 1446429779, 0, 0),
(324, 29, 'Cẩm Giàng', 'cam-giang', 1, 1, 1446429779, 0, 0),
(325, 29, 'Chí Linh', 'chi-linh', 1, 1, 1446429779, 0, 0),
(326, 29, 'Gia Lộc', 'gia-loc', 1, 1, 1446429779, 0, 0),
(327, 29, 'Kim Thành', 'kim-thanh', 1, 1, 1446429779, 0, 0),
(328, 29, 'Kinh Môn', 'kinh-mon', 1, 1, 1446429779, 0, 0),
(329, 29, 'Hải Dương', 'hai-duong', 1, 1, 1446429779, 0, 0),
(330, 29, 'Nam Sách', 'nam-sach', 1, 1, 1446429779, 0, 0),
(331, 29, 'Ninh Giang', 'ninh-giang', 1, 1, 1446429779, 0, 0),
(332, 29, 'Thanh Hà', 'thanh-ha', 1, 1, 1446429779, 0, 0),
(333, 29, 'Thanh Miện', 'thanh-mien', 1, 1, 1446429779, 0, 0),
(334, 29, 'Tứ Kỳ', 'tu-ky', 1, 1, 1446429779, 0, 0),
(335, 30, 'Châu Thành', 'chau-thanh', 1, 1, 1446429779, 0, 0),
(336, 30, 'Châu Thành A', 'chau-thanh-a', 1, 1, 1446429779, 0, 0),
(337, 30, 'Long Mỹ', 'long-my', 1, 1, 1446429779, 0, 0),
(338, 30, 'Ngã Bảy', 'nga-bay', 1, 1, 1446429779, 0, 0),
(339, 30, 'Phụng Hiệp', 'phung-hiep', 1, 1, 1446429779, 0, 0),
(340, 30, 'Vị Thanh', 'vi-thanh', 1, 1, 1446429779, 0, 0),
(341, 30, 'Vị Thủy', 'vi-thuy', 1, 1, 1446429779, 0, 0),
(342, 31, 'Cao Phong', 'cao-phong', 1, 1, 1446429779, 0, 0),
(343, 31, 'Đà Bắc', 'da-bac', 1, 1, 1446429779, 0, 0),
(344, 31, 'Hòa Bình', 'hoa-binh', 1, 1, 1446429779, 0, 0),
(345, 31, 'Kim Bôi', 'kim-boi', 1, 1, 1446429779, 0, 0),
(346, 31, 'Kỳ Sơn', 'ky-son', 1, 1, 1446429779, 0, 0),
(347, 31, 'Lạc Sơn', 'lac-son', 1, 1, 1446429779, 0, 0),
(348, 31, 'Lạc Thủy', 'lac-thuy', 1, 1, 1446429779, 0, 0),
(349, 31, 'Lương Sơn', 'luong-son', 1, 1, 1446429779, 0, 0),
(350, 31, 'Mai Châu', 'mai-chau', 1, 1, 1446429779, 0, 0),
(351, 31, 'Tân Lạc', 'tan-lac', 1, 1, 1446429779, 0, 0),
(352, 31, 'Yên Thủy', 'yen-thuy', 1, 1, 1446429779, 0, 0),
(353, 32, 'Ân Thi', 'an-thi', 1, 1, 1446429779, 0, 0),
(354, 32, 'Hưng Yên', 'hung-yen', 1, 1, 1446429779, 0, 0),
(355, 32, 'Khoái Châu', 'khoai-chau', 1, 1, 1446429779, 0, 0),
(356, 32, 'Mỹ Hào', 'my-hao', 1, 1, 1446429779, 0, 0),
(357, 32, 'Kim Động', 'kim-dong', 1, 1, 1446429779, 0, 0),
(358, 32, 'Phù Cừ', 'phu-cu', 1, 1, 1446429779, 0, 0),
(359, 32, 'Tiên Lữ', 'tien-lu', 1, 1, 1446429779, 0, 0),
(360, 32, 'Văn Giang', 'van-giang', 1, 1, 1446429779, 0, 0),
(361, 32, 'Văn Lâm', 'van-lam', 1, 1, 1446429779, 0, 0),
(362, 32, 'Yên Mỹ', 'yen-my', 1, 1, 1446429779, 0, 0),
(363, 33, 'Cam Lâm', 'cam-lam', 1, 1, 1446429779, 0, 0),
(364, 33, 'Cam Ranh', 'cam-ranh', 1, 1, 1446429779, 0, 0),
(365, 33, 'Diên Khánh', 'dien-khanh', 1, 1, 1446429779, 0, 0),
(366, 33, 'Khánh Sơn', 'khanh-son', 1, 1, 1446429779, 0, 0),
(367, 33, 'Khánh Vĩnh', 'khanh-vinh', 1, 1, 1446429779, 0, 0),
(368, 33, 'Nha Trang', 'nha-trang', 1, 1, 1446429779, 0, 0),
(369, 33, 'Ninh Hòa', 'ninh-hoa', 1, 1, 1446429779, 0, 0),
(370, 33, 'Trường Sa', 'truong-sa', 1, 1, 1446429779, 0, 0),
(371, 33, 'Vạn Ninh', 'van-ninh', 1, 1, 1446429779, 0, 0),
(372, 34, 'An Biên', 'an-bien', 1, 1, 1446429779, 0, 0),
(373, 34, 'An Minh', 'an-minh', 1, 1, 1446429779, 0, 0),
(374, 34, 'Châu Thành', 'chau-thanh', 1, 1, 1446429779, 0, 0),
(375, 34, 'Giang Thành', 'giang-thanh', 1, 1, 1446429779, 0, 0),
(376, 34, 'Giồng Riềng', 'giong-rieng', 1, 1, 1446429779, 0, 0),
(377, 34, 'Gò Quao', 'go-quao', 1, 1, 1446429779, 0, 0),
(378, 34, 'Hà Tiên', 'ha-tien', 1, 1, 1446429779, 0, 0),
(379, 34, 'Kiên Hải', 'kien-hai', 1, 1, 1446429779, 0, 0),
(380, 34, 'Hòn Đất', 'hon-dat', 1, 1, 1446429779, 0, 0),
(381, 34, 'Kiên Lương', 'kien-luong', 1, 1, 1446429779, 0, 0),
(382, 34, 'Phú Quốc', 'phu-quoc', 1, 1, 1446429779, 0, 0),
(383, 34, 'Rạch Giá', 'rach-gia', 1, 1, 1446429779, 0, 0),
(384, 34, 'Tân Hiệp', 'tan-hiep', 1, 1, 1446429779, 0, 0),
(385, 34, 'U minh Thượng', 'u-minh-thuong', 1, 1, 1446429779, 0, 0),
(386, 34, 'Vĩnh Thuận', 'vinh-thuan', 1, 1, 1446429779, 0, 0),
(387, 35, 'Đăk Glei', 'dak-glei', 1, 1, 1446429779, 0, 0),
(388, 35, 'Đăk Hà', 'dak-ha', 1, 1, 1446429779, 0, 0),
(389, 35, 'Kon Rẫy', 'kon-ray', 1, 1, 1446429779, 0, 0),
(390, 35, 'Đăk Tô', 'dak-to', 1, 1, 1446429779, 0, 0),
(391, 35, 'Kon Plông', 'kon-plong', 1, 1, 1446429779, 0, 0),
(392, 35, 'KonTum', 'kontum', 1, 1, 1446429779, 0, 0),
(393, 35, 'Ngọc Hồi', 'ngoc-hoi', 1, 1, 1446429779, 0, 0),
(394, 35, 'Sa Thầy', 'sa-thay', 1, 1, 1446429779, 0, 0),
(395, 35, 'Tu Mơ Rông', 'tu-mo-rong', 1, 1, 1446429779, 0, 0),
(396, 36, 'Lai Châu', 'lai-chau', 1, 1, 1446429779, 0, 0),
(397, 36, 'Mường Tè', 'muong-te', 1, 1, 1446429779, 0, 0),
(398, 36, 'Nậm Nhùn', 'nam-nhun', 1, 1, 1446429779, 0, 0),
(399, 36, 'Phong Thổ', 'phong-tho', 1, 1, 1446429779, 0, 0),
(400, 36, 'Sìn Hồ', 'sin-ho', 1, 1, 1446429779, 0, 0),
(401, 36, 'Tam Đường', 'tam-duong', 1, 1, 1446429779, 0, 0),
(402, 36, 'Tân Uyên', 'tan-uyen', 1, 1, 1446429779, 0, 0),
(403, 36, 'Than Uyên', 'than-uyen', 1, 1, 1446429779, 0, 0),
(404, 37, 'Bảo Lâm', 'bao-lam', 1, 1, 1446429779, 0, 0),
(405, 37, 'Bảo Lộc', 'bao-loc', 1, 1, 1446429779, 0, 0),
(406, 37, 'Cát Tiên', 'cat-tien', 1, 1, 1446429779, 0, 0),
(407, 37, 'Đam Rông', 'dam-rong', 1, 1, 1446429779, 0, 0),
(408, 37, 'Đạ Tẻh', 'da-teh', 1, 1, 1446429779, 0, 0),
(409, 37, 'Đà Lạt', 'da-lat', 1, 1, 1446429779, 0, 0),
(410, 37, 'Di Linh', 'di-linh', 1, 1, 1446429779, 0, 0),
(411, 37, 'Đạ Huoai', 'da-huoai', 1, 1, 1446429779, 0, 0),
(412, 37, 'Đơn Dương', 'don-duong', 1, 1, 1446429779, 0, 0),
(413, 37, 'Đức Trọng', 'duc-trong', 1, 1, 1446429779, 0, 0),
(414, 37, 'Lạc Dương', 'lac-duong', 1, 1, 1446429779, 0, 0),
(415, 37, 'Lâm Hà', 'lam-ha', 1, 1, 1446429779, 0, 0),
(416, 38, 'Bắc Sơn', 'bac-son', 1, 1, 1446429779, 0, 0),
(417, 38, 'Bình Gia', 'binh-gia', 1, 1, 1446429779, 0, 0),
(418, 38, 'Cao Lộc', 'cao-loc', 1, 1, 1446429779, 0, 0),
(419, 38, 'Chi Lăng', 'chi-lang', 1, 1, 1446429779, 0, 0),
(420, 38, 'Đình Lập', 'dinh-lap', 1, 1, 1446429779, 0, 0),
(421, 38, 'Lạng Sơn', 'lang-son', 1, 1, 1446429779, 0, 0),
(422, 38, 'Hữu Lũng', 'huu-lung', 1, 1, 1446429779, 0, 0),
(423, 38, 'Lộc Bình', 'loc-binh', 1, 1, 1446429779, 0, 0),
(424, 38, 'Tràng Định', 'trang-dinh', 1, 1, 1446429779, 0, 0),
(425, 38, 'Văn Lãng', 'van-lang', 1, 1, 1446429779, 0, 0),
(426, 38, 'Văn Quan', 'van-quan', 1, 1, 1446429779, 0, 0),
(427, 39, 'Bắc Hà', 'bac-ha', 1, 1, 1446429779, 0, 0),
(428, 39, 'Bảo Thắng', 'bao-thang', 1, 1, 1446429779, 0, 0),
(429, 39, 'Lào Cai', 'lao-cai', 1, 1, 1446429779, 0, 0),
(430, 39, 'Bát Xát', 'bat-xat', 1, 1, 1446429779, 0, 0),
(431, 39, 'Bảo Yên', 'bao-yen', 1, 1, 1446429779, 0, 0),
(432, 39, 'Mường Khương', 'muong-khuong', 1, 1, 1446429779, 0, 0),
(433, 39, 'Sa Pa', 'sa-pa', 1, 1, 1446429779, 0, 0),
(434, 39, 'Văn Bàn', 'van-ban', 1, 1, 1446429779, 0, 0),
(435, 39, 'Xi Ma Cai', 'xi-ma-cai', 1, 1, 1446429779, 0, 0),
(436, 40, 'Giao Thủy', 'giao-thuy', 1, 1, 1446429779, 0, 0),
(437, 40, 'Hải Hậu', 'hai-hau', 1, 1, 1446429779, 0, 0),
(438, 40, 'Mỹ Lộc', 'my-loc', 1, 1, 1446429779, 0, 0),
(439, 40, 'Trực Ninh', 'truc-ninh', 1, 1, 1446429779, 0, 0),
(440, 40, 'Nghĩa Hưng', 'nghia-hung', 1, 1, 1446429779, 0, 0),
(441, 40, 'Nam Trực', 'nam-truc', 1, 1, 1446429779, 0, 0),
(442, 40, 'Nam Định', 'nam-dinh', 1, 1, 1446429779, 0, 0),
(443, 40, 'Vụ Bản', 'vu-ban', 1, 1, 1446429779, 0, 0),
(444, 40, 'Xuân Trường', 'xuan-truong', 1, 1, 1446429779, 0, 0),
(445, 40, 'Ý Yên', 'y-yen', 1, 1, 1446429779, 0, 0),
(446, 41, 'Anh Sơn', 'anh-son', 1, 1, 1446429779, 0, 0),
(447, 41, 'Con Cuông', 'con-cuong', 1, 1, 1446429779, 0, 0),
(448, 41, 'Cửa Lò', 'cua-lo', 1, 1, 1446429779, 0, 0),
(449, 41, 'Diễn Châu', 'dien-chau', 1, 1, 1446429779, 0, 0),
(450, 41, 'Đô Lương', 'do-luong', 1, 1, 1446429779, 0, 0),
(451, 41, 'Hoàng Mai', 'hoang-mai', 1, 1, 1446429779, 0, 0),
(452, 41, 'Hưng Nguyên', 'hung-nguyen', 1, 1, 1446429779, 0, 0),
(453, 41, 'Kỳ Sơn', 'ky-son', 1, 1, 1446429779, 0, 0),
(454, 41, 'Nam Đàn', 'nam-dan', 1, 1, 1446429779, 0, 0),
(455, 41, 'Nghi Lộc', 'nghi-loc', 1, 1, 1446429779, 0, 0),
(456, 41, 'Nghĩa Đàn', 'nghia-dan', 1, 1, 1446429779, 0, 0),
(457, 41, 'Quế Phong', 'que-phong', 1, 1, 1446429779, 0, 0),
(458, 41, 'Quỳ Châu', 'quy-chau', 1, 1, 1446429779, 0, 0),
(459, 41, 'Quỳ Hợp', 'quy-hop', 1, 1, 1446429779, 0, 0),
(460, 41, 'Quỳnh Lưu', 'quynh-luu', 1, 1, 1446429779, 0, 0),
(461, 41, 'Tân Kỳ', 'tan-ky', 1, 1, 1446429779, 0, 0),
(462, 41, 'Thái Hòa', 'thai-hoa', 1, 1, 1446429779, 0, 0),
(463, 41, 'Thanh Chương', 'thanh-chuong', 1, 1, 1446429779, 0, 0),
(464, 41, 'Tương Dương', 'tuong-duong', 1, 1, 1446429779, 0, 0),
(465, 41, 'Vinh', 'vinh', 1, 1, 1446429779, 0, 0),
(466, 41, 'Yên Thành', 'yen-thanh', 1, 1, 1446429779, 0, 0),
(467, 42, 'Gia Viễn', 'gia-vien', 1, 1, 1446429779, 0, 0),
(468, 42, 'Hoa Lư', 'hoa-lu', 1, 1, 1446429779, 0, 0),
(469, 42, 'Kim Sơn', 'kim-son', 1, 1, 1446429779, 0, 0),
(470, 42, 'Nho Quan', 'nho-quan', 1, 1, 1446429779, 0, 0),
(471, 42, 'Ninh Bình', 'ninh-binh', 1, 1, 1446429779, 0, 0),
(472, 42, 'Tam Điệp', 'tam-diep', 1, 1, 1446429779, 0, 0),
(473, 42, 'Yên Khánh', 'yen-khanh', 1, 1, 1446429779, 0, 0),
(474, 42, 'Yên Mô', 'yen-mo', 1, 1, 1446429779, 0, 0),
(475, 43, 'Bác Ái', 'bac-ai', 1, 1, 1446429779, 0, 0),
(476, 43, 'Ninh Hải', 'ninh-hai', 1, 1, 1446429779, 0, 0),
(477, 43, 'Ninh Phước', 'ninh-phuoc', 1, 1, 1446429779, 0, 0),
(478, 43, 'Ninh Sơn', 'ninh-son', 1, 1, 1446429779, 0, 0),
(479, 43, 'Phan Rang - Tháp Chàm', 'phan-rang-thap-cham', 1, 1, 1446429779, 0, 0),
(480, 43, 'Thuận Bắc', 'thuan-bac', 1, 1, 1446429779, 0, 0),
(481, 43, 'Thuận Nam', 'thuan-nam', 1, 1, 1446429779, 0, 0),
(482, 44, 'Cẩm Khê', 'cam-khe', 1, 1, 1446429779, 0, 0),
(483, 44, 'Đoan Hùng', 'doan-hung', 1, 1, 1446429779, 0, 0),
(484, 44, 'Hạ Hòa', 'ha-hoa', 1, 1, 1446429779, 0, 0),
(485, 44, 'Lâm Thao', 'lam-thao', 1, 1, 1446429779, 0, 0),
(486, 44, 'Phù Ninh', 'phu-ninh', 1, 1, 1446429779, 0, 0),
(487, 44, 'Phú Thọ', 'phu-tho', 1, 1, 1446429779, 0, 0),
(488, 44, 'Tam Nông', 'tam-nong', 1, 1, 1446429779, 0, 0),
(489, 44, 'Tân Sơn', 'tan-son', 1, 1, 1446429779, 0, 0),
(490, 44, 'Thanh Ba', 'thanh-ba', 1, 1, 1446429779, 0, 0),
(491, 44, 'Thanh Sơn', 'thanh-son', 1, 1, 1446429779, 0, 0),
(492, 44, 'Thanh Thủy', 'thanh-thuy', 1, 1, 1446429779, 0, 0),
(493, 44, 'Việt Trì', 'viet-tri', 1, 1, 1446429779, 0, 0),
(494, 44, 'Yên Lập', 'yen-lap', 1, 1, 1446429779, 0, 0),
(495, 45, 'Đông Hòa', 'dong-hoa', 1, 1, 1446429779, 0, 0),
(496, 45, 'Đồng Xuân', 'dong-xuan', 1, 1, 1446429779, 0, 0),
(497, 45, 'Sơn Hòa', 'son-hoa', 1, 1, 1446429779, 0, 0),
(498, 45, 'Sông Cầu', 'song-cau', 1, 1, 1446429779, 0, 0),
(499, 45, 'Sông Hinh', 'song-hinh', 1, 1, 1446429779, 0, 0),
(500, 45, 'Phú Hòa', 'phu-hoa', 1, 1, 1446429779, 0, 0),
(501, 45, 'Tây Hòa', 'tay-hoa', 1, 1, 1446429779, 0, 0),
(502, 45, 'Tuy An', 'tuy-an', 1, 1, 1446429779, 0, 0),
(503, 45, 'Tuy Hòa', 'tuy-hoa', 1, 1, 1446429779, 0, 0),
(504, 46, 'Ba Đồn', 'ba-don', 1, 1, 1446429779, 0, 0),
(505, 46, 'Bố Trạch', 'bo-trach', 1, 1, 1446429779, 0, 0),
(506, 46, 'Đồng Hới', 'dong-hoi', 1, 1, 1446429779, 0, 0),
(507, 46, 'Lệ Thủy', 'le-thuy', 1, 1, 1446429779, 0, 0),
(508, 46, 'Minh Hóa', 'minh-hoa', 1, 1, 1446429779, 0, 0),
(509, 46, 'Quảng Ninh', 'quang-ninh', 1, 1, 1446429779, 0, 0),
(510, 46, 'Quảng Trạch', 'quang-trach', 1, 1, 1446429779, 0, 0),
(511, 46, 'Tuyên Hóa', 'tuyen-hoa', 1, 1, 1446429779, 0, 0),
(512, 47, 'Bắc Trà My', 'bac-tra-my', 1, 1, 1446429779, 0, 0),
(513, 47, 'Đại Lộc', 'dai-loc', 1, 1, 1446429779, 0, 0),
(514, 47, 'Điện Bàn', 'dien-ban', 1, 1, 1446429779, 0, 0),
(515, 47, 'Đông Giang', 'dong-giang', 1, 1, 1446429779, 0, 0),
(516, 47, 'Hiệp Đức', 'hiep-duc', 1, 1, 1446429779, 0, 0),
(517, 47, 'Duy Xuyên', 'duy-xuyen', 1, 1, 1446429779, 0, 0),
(518, 47, 'Hội An', 'hoi-an', 1, 1, 1446429779, 0, 0),
(519, 47, 'Nam Giang', 'nam-giang', 1, 1, 1446429779, 0, 0),
(520, 47, 'Nam Trà My', 'nam-tra-my', 1, 1, 1446429779, 0, 0),
(521, 47, 'Nông Sơn', 'nong-son', 1, 1, 1446429779, 0, 0),
(522, 47, 'Núi Thành', 'nui-thanh', 1, 1, 1446429779, 0, 0),
(523, 47, 'Phú Ninh', 'phu-ninh', 1, 1, 1446429779, 0, 0),
(524, 47, 'Phước Sơn', 'phuoc-son', 1, 1, 1446429779, 0, 0),
(525, 47, 'Quế Sơn', 'que-son', 1, 1, 1446429779, 0, 0),
(526, 47, 'Tam Kỳ', 'tam-ky', 1, 1, 1446429779, 0, 0),
(527, 47, 'Tây Giang', 'tay-giang', 1, 1, 1446429779, 0, 0),
(528, 47, 'Thăng Bình', 'thang-binh', 1, 1, 1446429779, 0, 0),
(529, 47, 'Tiên Phước', 'tien-phuoc', 1, 1, 1446429779, 0, 0),
(530, 48, 'Ba Tơ', 'ba-to', 1, 1, 1446429779, 0, 0),
(531, 48, 'Bình Sơn', 'binh-son', 1, 1, 1446429779, 0, 0),
(532, 48, 'Đức Phổ', 'duc-pho', 1, 1, 1446429779, 0, 0),
(533, 48, 'Lý Sơn', 'ly-son', 1, 1, 1446429779, 0, 0),
(534, 48, 'Minh Long', 'minh-long', 1, 1, 1446429779, 0, 0),
(535, 48, 'Mộ Đức', 'mo-duc', 1, 1, 1446429779, 0, 0),
(536, 48, 'Nghĩa Hành', 'nghia-hanh', 1, 1, 1446429779, 0, 0),
(537, 48, 'Quảng Ngãi', 'quang-ngai', 1, 1, 1446429779, 0, 0),
(538, 48, 'Sơn Hà', 'son-ha', 1, 1, 1446429779, 0, 0),
(539, 48, 'Sơn Tây', 'son-tay', 1, 1, 1446429779, 0, 0),
(540, 48, 'Sơn Tịnh', 'son-tinh', 1, 1, 1446429779, 0, 0),
(541, 48, 'Tây Trà', 'tay-tra', 1, 1, 1446429779, 0, 0),
(542, 48, 'Trà Bồng', 'tra-bong', 1, 1, 1446429779, 0, 0),
(543, 48, 'Tư Nghĩa', 'tu-nghia', 1, 1, 1446429779, 0, 0),
(544, 49, 'Ba Chẽ', 'ba-che', 1, 1, 1446429779, 0, 0),
(545, 49, 'Cẩm Phả', 'cam-pha', 1, 1, 1446429779, 0, 0),
(546, 49, 'Bình Liêu', 'binh-lieu', 1, 1, 1446429779, 0, 0),
(547, 49, 'Cô Tô', 'co-to', 1, 1, 1446429779, 0, 0),
(548, 49, 'Đầm Hà', 'dam-ha', 1, 1, 1446429779, 0, 0),
(549, 49, 'Đông Triều', 'dong-trieu', 1, 1, 1446429779, 0, 0),
(550, 49, 'Hạ Long', 'ha-long', 1, 1, 1446429779, 0, 0),
(551, 49, 'Hải Hà', 'hai-ha', 1, 1, 1446429779, 0, 0),
(552, 49, 'Hoành Bồ', 'hoanh-bo', 1, 1, 1446429779, 0, 0),
(553, 49, 'Móng Cái', 'mong-cai', 1, 1, 1446429779, 0, 0),
(554, 49, 'Quảng Yên', 'quang-yen', 1, 1, 1446429779, 0, 0),
(555, 49, 'Tiên Yên', 'tien-yen', 1, 1, 1446429779, 0, 0),
(556, 49, 'Uông Bí', 'uong-bi', 1, 1, 1446429779, 0, 0),
(557, 49, 'Vân Đồn', 'van-don', 1, 1, 1446429779, 0, 0),
(558, 50, 'Cam Lộ', 'cam-lo', 1, 1, 1446429779, 0, 0),
(559, 50, 'Đảo Cồn cỏ', 'dao-con-co', 1, 1, 1446429779, 0, 0),
(560, 50, 'Đăk Rông', 'dak-rong', 1, 1, 1446429779, 0, 0),
(561, 50, 'Đông Hà', 'dong-ha', 1, 1, 1446429779, 0, 0),
(562, 50, 'Gio Linh', 'gio-linh', 1, 1, 1446429779, 0, 0),
(563, 50, 'Hải Lăng', 'hai-lang', 1, 1, 1446429779, 0, 0),
(564, 50, 'Hướng Hóa', 'huong-hoa', 1, 1, 1446429779, 0, 0),
(565, 50, 'Quảng Trị', 'quang-tri', 1, 1, 1446429779, 0, 0),
(566, 50, 'Triệu Phong', 'trieu-phong', 1, 1, 1446429779, 0, 0),
(567, 50, 'Vĩnh Linh', 'vinh-linh', 1, 1, 1446429779, 0, 0),
(568, 51, 'Châu Thành', 'chau-thanh', 1, 1, 1446429779, 0, 0),
(569, 51, 'Cù Lao Dung', 'cu-lao-dung', 1, 1, 1446429779, 0, 0),
(570, 51, 'Mỹ Xuyên', 'my-xuyen', 1, 1, 1446429779, 0, 0),
(571, 51, 'Mỹ Tú', 'my-tu', 1, 1, 1446429779, 0, 0),
(572, 51, 'Long Phú', 'long-phu', 1, 1, 1446429779, 0, 0),
(573, 51, 'Kế Sách', 'ke-sach', 1, 1, 1446429779, 0, 0),
(574, 51, 'Ngã Năm', 'nga-nam', 1, 1, 1446429779, 0, 0),
(575, 51, 'Sóc Trăng', 'soc-trang', 1, 1, 1446429779, 0, 0),
(576, 51, 'Thạnh Trị', 'thanh-tri', 1, 1, 1446429779, 0, 0),
(577, 51, 'Trần Đề', 'tran-de', 1, 1, 1446429779, 0, 0),
(578, 51, 'Vĩnh Châu', 'vinh-chau', 1, 1, 1446429779, 0, 0),
(579, 52, 'Mai Sơn', 'mai-son', 1, 1, 1446429779, 0, 0),
(580, 52, 'Bắc Yên', 'bac-yen', 1, 1, 1446429779, 0, 0),
(581, 52, 'Mộc Châu', 'moc-chau', 1, 1, 1446429779, 0, 0),
(582, 52, 'Mường La', 'muong-la', 1, 1, 1446429779, 0, 0),
(583, 52, 'Quỳnh Nhai', 'quynh-nhai', 1, 1, 1446429779, 0, 0),
(584, 52, 'Phù Yên', 'phu-yen', 1, 1, 1446429779, 0, 0),
(585, 52, 'Sơn La', 'son-la', 1, 1, 1446429779, 0, 0),
(586, 52, 'Sông Mã', 'song-ma', 1, 1, 1446429779, 0, 0),
(587, 52, 'Sốp Cộp', 'sop-cop', 1, 1, 1446429779, 0, 0),
(588, 52, 'Thuận Châu', 'thuan-chau', 1, 1, 1446429779, 0, 0),
(589, 52, 'Vân Hồ', 'van-ho', 1, 1, 1446429779, 0, 0),
(590, 52, 'Yên Châu', 'yen-chau', 1, 1, 1446429779, 0, 0),
(591, 53, 'Bến Cầu', 'ben-cau', 1, 1, 1446429779, 0, 0),
(592, 53, 'Châu Thành', 'chau-thanh', 1, 1, 1446429779, 0, 0),
(593, 53, 'Gò Dầu', 'go-dau', 1, 1, 1446429779, 0, 0),
(594, 53, 'Dương Minh Châu', 'duong-minh-chau', 1, 1, 1446429779, 0, 0),
(595, 53, 'Tân Biên', 'tan-bien', 1, 1, 1446429779, 0, 0),
(596, 53, 'Hòa Thành', 'hoa-thanh', 1, 1, 1446429779, 0, 0),
(597, 53, 'Tân Châu', 'tan-chau', 1, 1, 1446429779, 0, 0),
(598, 53, 'Tây Ninh', 'tay-ninh', 1, 1, 1446429779, 0, 0),
(599, 53, 'Trảng Bàng', 'trang-bang', 1, 1, 1446429779, 0, 0),
(600, 54, 'Đông Hưng', 'dong-hung', 1, 1, 1446429779, 0, 0),
(601, 54, 'Thái Bình', 'thai-binh', 1, 1, 1446429779, 0, 0),
(602, 54, 'Hưng Hà', 'hung-ha', 1, 1, 1446429779, 0, 0),
(603, 54, 'Kiến Xương', 'kien-xuong', 1, 1, 1446429779, 0, 0),
(604, 54, 'Quỳnh Phụ', 'quynh-phu', 1, 1, 1446429779, 0, 0),
(605, 54, 'Thái Thuỵ', 'thai-thuy', 1, 1, 1446429779, 0, 0),
(606, 54, 'Tiền Hải', 'tien-hai', 1, 1, 1446429779, 0, 0),
(607, 54, 'Vũ Thư', 'vu-thu', 1, 1, 1446429779, 0, 0),
(608, 55, 'Định Hóa', 'dinh-hoa', 1, 1, 1446429779, 0, 0),
(609, 55, 'Đại Từ', 'dai-tu', 1, 1, 1446429779, 0, 0),
(610, 55, 'Đồng Hỷ', 'dong-hy', 1, 1, 1446429779, 0, 0),
(611, 55, 'Phổ Yên', 'pho-yen', 1, 1, 1446429779, 0, 0),
(612, 55, 'Phú Lương', 'phu-luong', 1, 1, 1446429779, 0, 0),
(613, 55, 'Phú Bình', 'phu-binh', 1, 1, 1446429779, 0, 0),
(614, 55, 'Sông Công', 'song-cong', 1, 1, 1446429779, 0, 0),
(615, 55, 'Thái Nguyên', 'thai-nguyen', 1, 1, 1446429779, 0, 0),
(616, 55, 'Võ Nhai', 'vo-nhai', 1, 1, 1446429779, 0, 0),
(617, 56, 'Bá Thước', 'ba-thuoc', 1, 1, 1446429779, 0, 0),
(618, 56, 'Bỉm Sơn', 'bim-son', 1, 1, 1446429779, 0, 0),
(619, 56, 'Cẩm Thủy', 'cam-thuy', 1, 1, 1446429779, 0, 0),
(620, 56, 'Đông Sơn', 'dong-son', 1, 1, 1446429779, 0, 0),
(621, 56, 'Hà Trung', 'ha-trung', 1, 1, 1446429779, 0, 0),
(622, 56, 'Hậu Lộc', 'hau-loc', 1, 1, 1446429779, 0, 0),
(623, 56, 'Hoằng Hóa', 'hoang-hoa', 1, 1, 1446429779, 0, 0),
(624, 56, 'Lang Chánh', 'lang-chanh', 1, 1, 1446429779, 0, 0),
(625, 56, 'Mường Lát', 'muong-lat', 1, 1, 1446429779, 0, 0),
(626, 56, 'Nga Sơn', 'nga-son', 1, 1, 1446429779, 0, 0),
(627, 56, 'Ngọc Lặc', 'ngoc-lac', 1, 1, 1446429779, 0, 0),
(628, 56, 'Như Thanh', 'nhu-thanh', 1, 1, 1446429779, 0, 0),
(629, 56, 'Như Xuân', 'nhu-xuan', 1, 1, 1446429779, 0, 0),
(630, 56, 'Nông Cống', 'nong-cong', 1, 1, 1446429779, 0, 0),
(631, 56, 'Quan Hóa', 'quan-hoa', 1, 1, 1446429779, 0, 0),
(632, 56, 'Quan Sơn', 'quan-son', 1, 1, 1446429779, 0, 0),
(633, 56, 'Quảng Xương', 'quang-xuong', 1, 1, 1446429779, 0, 0),
(634, 56, 'Sầm Sơn', 'sam-son', 1, 1, 1446429779, 0, 0),
(635, 56, 'Thạch Thành', 'thach-thanh', 1, 1, 1446429779, 0, 0),
(636, 56, 'Thanh Hóa', 'thanh-hoa', 1, 1, 1446429779, 0, 0),
(637, 56, 'Thiệu Hóa', 'thieu-hoa', 1, 1, 1446429779, 0, 0),
(638, 56, 'Thọ Xuân', 'tho-xuan', 1, 1, 1446429779, 0, 0),
(639, 56, 'Thường Xuân', 'thuong-xuan', 1, 1, 1446429779, 0, 0),
(640, 56, 'Tĩnh Gia', 'tinh-gia', 1, 1, 1446429779, 0, 0),
(641, 56, 'Triệu Sơn', 'trieu-son', 1, 1, 1446429779, 0, 0),
(642, 56, 'Vĩnh Lộc', 'vinh-loc', 1, 1, 1446429779, 0, 0),
(643, 56, 'Yên Định', 'yen-dinh', 1, 1, 1446429779, 0, 0),
(644, 57, 'A Lưới', 'a-luoi', 1, 1, 1446429779, 0, 0),
(645, 57, 'Hương Thủy', 'huong-thuy', 1, 1, 1446429779, 0, 0),
(646, 57, 'Phong Điền', 'phong-dien', 1, 1, 1446429779, 0, 0),
(647, 57, 'Hương Trà', 'huong-tra', 1, 1, 1446429779, 0, 0),
(648, 57, 'Huế', 'hue', 1, 1, 1446429779, 0, 0),
(649, 57, 'Nam Đông', 'nam-dong', 1, 1, 1446429779, 0, 0),
(650, 57, 'Phú Lộc', 'phu-loc', 1, 1, 1446429779, 0, 0),
(651, 57, 'Phú Vang', 'phu-vang', 1, 1, 1446429779, 0, 0),
(652, 57, 'Quảng Điền', 'quang-dien', 1, 1, 1446429779, 0, 0),
(653, 58, 'Cái Bè', 'cai-be', 1, 1, 1446429779, 0, 0),
(654, 58, 'Gò Công Đông', 'go-cong-dong', 1, 1, 1446429779, 0, 0),
(655, 58, 'Chợ Gạo', 'cho-gao', 1, 1, 1446429779, 0, 0),
(656, 58, 'Gò Công', 'go-cong', 1, 1, 1446429779, 0, 0),
(657, 58, 'Châu Thành', 'chau-thanh', 1, 1, 1446429779, 0, 0),
(658, 58, 'Gò Công Tây', 'go-cong-tay', 1, 1, 1446429779, 0, 0),
(659, 58, 'Huyện Cai Lậy', 'huyen-cai-lay', 1, 1, 1446429779, 0, 0),
(660, 58, 'Mỹ Tho', 'my-tho', 1, 1, 1446429779, 0, 0),
(661, 58, 'Tân Phú Đông', 'tan-phu-dong', 1, 1, 1446429779, 0, 0),
(662, 58, 'Tân Phước', 'tan-phuoc', 1, 1, 1446429779, 0, 0),
(663, 58, 'Thị Xã Cai Lậy', 'thi-xa-cai-lay', 1, 1, 1446429779, 0, 0),
(664, 59, 'Càng Long', 'cang-long', 1, 1, 1446429779, 0, 0),
(665, 59, 'Cầu Ngang', 'cau-ngang', 1, 1, 1446429779, 0, 0),
(666, 59, 'Cầu Kè', 'cau-ke', 1, 1, 1446429779, 0, 0),
(667, 59, 'Duyên Hải', 'duyen-hai', 1, 1, 1446429779, 0, 0),
(668, 59, 'Tiểu Cần', 'tieu-can', 1, 1, 1446429779, 0, 0),
(669, 59, 'Châu Thành', 'chau-thanh', 1, 1, 1446429779, 0, 0),
(670, 59, 'Trà Cú', 'tra-cu', 1, 1, 1446429779, 0, 0),
(671, 59, 'Trà Vinh', 'tra-vinh', 1, 1, 1446429779, 0, 0),
(672, 60, 'Chiêm Hóa', 'chiem-hoa', 1, 1, 1446429779, 0, 0),
(673, 60, 'Sơn Dương', 'son-duong', 1, 1, 1446429779, 0, 0),
(674, 60, 'Na Hang', 'na-hang', 1, 1, 1446429779, 0, 0),
(675, 60, 'Tuyên Quang', 'tuyen-quang', 1, 1, 1446429779, 0, 0),
(676, 60, 'Hàm Yên', 'ham-yen', 1, 1, 1446429779, 0, 0),
(677, 60, 'Lâm Bình', 'lam-binh', 1, 1, 1446429779, 0, 0),
(678, 60, 'Yên Sơn', 'yen-son', 1, 1, 1446429779, 0, 0),
(679, 61, 'Bình Tân', 'binh-tan', 1, 1, 1446429779, 0, 0),
(680, 61, 'Bình Minh', 'binh-minh', 1, 1, 1446429779, 0, 0),
(681, 61, 'Long Hồ', 'long-ho', 1, 1, 1446429779, 0, 0),
(682, 61, 'Mang Thít', 'mang-thit', 1, 1, 1446429779, 0, 0),
(683, 61, 'Tam Bình', 'tam-binh', 1, 1, 1446429779, 0, 0),
(684, 61, 'Trà Ôn', 'tra-on', 1, 1, 1446429779, 0, 0),
(685, 61, 'Vĩnh Long', 'vinh-long', 1, 1, 1446429779, 0, 0),
(686, 61, 'Vũng Liêm', 'vung-liem', 1, 1, 1446429779, 0, 0),
(687, 62, 'Bình Xuyên', 'binh-xuyen', 1, 1, 1446429779, 0, 0),
(688, 62, 'Lập Thạch', 'lap-thach', 1, 1, 1446429779, 0, 0),
(689, 62, 'Phúc Yên', 'phuc-yen', 1, 1, 1446429779, 0, 0),
(690, 62, 'Sông Lô', 'song-lo', 1, 1, 1446429779, 0, 0),
(691, 62, 'Tam Dương', 'tam-duong', 1, 1, 1446429779, 0, 0),
(692, 62, 'Tam Đảo', 'tam-dao', 1, 1, 1446429779, 0, 0),
(693, 62, 'Vĩnh Tường', 'vinh-tuong', 1, 1, 1446429779, 0, 0),
(694, 62, 'Vĩnh Yên', 'vinh-yen', 1, 1, 1446429779, 0, 0),
(695, 62, 'Yên Lạc', 'yen-lac', 1, 1, 1446429779, 0, 0),
(696, 63, 'Lục Yên', 'luc-yen', 1, 1, 1446429779, 0, 0),
(697, 63, 'Mù Cang Chải', 'mu-cang-chai', 1, 1, 1446429779, 0, 0),
(698, 63, 'Văn Chấn', 'van-chan', 1, 1, 1446429779, 0, 0),
(699, 63, 'Nghĩa Lộ', 'nghia-lo', 1, 1, 1446429779, 0, 0),
(700, 63, 'Trấn Yên', 'tran-yen', 1, 1, 1446429779, 0, 0),
(701, 63, 'Trạm Tấu', 'tram-tau', 1, 1, 1446429779, 0, 0),
(702, 63, 'Văn Yên', 'van-yen', 1, 1, 1446429779, 0, 0),
(703, 63, 'Yên Bái', 'yen-bai', 1, 1, 1446429779, 0, 0),
(704, 63, 'Yên Bình', 'yen-binh', 1, 1, 1446429779, 0, 0);

-- --------------------------------------------------------

--
-- Structure de la table `table_product`
--

CREATE TABLE IF NOT EXISTS `table_product` (
  `id` int(10) unsigned NOT NULL AUTO_INCREMENT,
  `id_cat` int(11) NOT NULL,
  `id_list` int(11) NOT NULL,
  `id_item` int(11) NOT NULL,
  `id_sub` int(11) NOT NULL,
  `adminup` varchar(100) NOT NULL,
  `type` varchar(100) NOT NULL,
  `noibat` tinyint(2) NOT NULL,
  `banchay` tinyint(2) NOT NULL,
  `spmoi` tinyint(2) NOT NULL,
  `photo` varchar(225) NOT NULL,
  `thumb` varchar(225) NOT NULL,
  `ten_vi` varchar(255) CHARACTER SET utf8 COLLATE utf8_unicode_ci NOT NULL,
  `masp` varchar(255) NOT NULL,
  `tenkhongdau` varchar(255) NOT NULL,
  `thongtin_vi` text NOT NULL,
  `thongtin_en` text NOT NULL,
  `title` varchar(255) NOT NULL,
  `keywords` varchar(255) NOT NULL,
  `description` varchar(255) NOT NULL,
  `giaban` int(11) NOT NULL,
  `giacu` int(11) NOT NULL,
  `mota_vi` text NOT NULL,
  `noidung_vi` text NOT NULL,
  `name_vi` varchar(255) NOT NULL,
  `name_en` varchar(255) NOT NULL,
  `ten_en` varchar(255) NOT NULL,
  `mota_en` text NOT NULL,
  `noidung_en` text NOT NULL,
  `text_search` varchar(255) NOT NULL,
  `stt` int(10) unsigned NOT NULL DEFAULT '1',
  `hienthi` tinyint(1) NOT NULL DEFAULT '1',
  `ngaytao` int(11) NOT NULL,
  `ngaysua` int(11) NOT NULL,
  `luotxem` int(11) NOT NULL,
  `video` varchar(255) CHARACTER SET utf8 COLLATE utf8_unicode_ci NOT NULL,
  `size` varchar(255) CHARACTER SET utf8 COLLATE utf8_unicode_ci NOT NULL,
  `color` varchar(255) CHARACTER SET utf8 COLLATE utf8_unicode_ci NOT NULL,
  `rating` int(2) NOT NULL,
  `khuyenmai` tinyint(2) NOT NULL,
  `thanhly` tinyint(2) NOT NULL,
  `tags` text NOT NULL,
  `tagskhongdau` text NOT NULL,
  `tinhnang_vi` text NOT NULL,
  `tinhnang_en` text NOT NULL,
  `thongso_vi` text NOT NULL,
  `thongso_en` text NOT NULL,
  `tenchuho` varchar(255) NOT NULL,
  `diadiem` varchar(255) NOT NULL,
  `trangthai` varchar(255) NOT NULL,
  `chudautu` varchar(255) NOT NULL,
  `dtxaydung` varchar(255) NOT NULL,
  `dtkhudat` varchar(255) NOT NULL,
  `thietke` varchar(255) NOT NULL,
  PRIMARY KEY (`id`)
) ENGINE=MyISAM  DEFAULT CHARSET=utf8 AUTO_INCREMENT=628 ;

--
-- Contenu de la table `table_product`
--

INSERT INTO `table_product` (`id`, `id_cat`, `id_list`, `id_item`, `id_sub`, `adminup`, `type`, `noibat`, `banchay`, `spmoi`, `photo`, `thumb`, `ten_vi`, `masp`, `tenkhongdau`, `thongtin_vi`, `thongtin_en`, `title`, `keywords`, `description`, `giaban`, `giacu`, `mota_vi`, `noidung_vi`, `name_vi`, `name_en`, `ten_en`, `mota_en`, `noidung_en`, `text_search`, `stt`, `hienthi`, `ngaytao`, `ngaysua`, `luotxem`, `video`, `size`, `color`, `rating`, `khuyenmai`, `thanhly`, `tags`, `tagskhongdau`, `tinhnang_vi`, `tinhnang_en`, `thongso_vi`, `thongso_en`, `tenchuho`, `diadiem`, `trangthai`, `chudautu`, `dtxaydung`, `dtkhudat`, `thietke`) VALUES
(627, 17141, 134, 0, 0, '', 'bat-dong-san', 1, 0, 0, 'ao-so-mi.jpg', 'ao-so-mi.jpg', 'Áo thun MCT-0026', 'MCT-0026', 'ao-thun-mct0026', '', '', '', '', '', 500000, 620000, '✓ Anie.vn giao hàng và thu tiền tận nơi toàn quốc. ✓ Miễn phí vận chuyển TOÀN QUỐC đối với đơn hàng từ 3 sản phẩm trở lên. ✓ Nhanh tay click MUA NGAY !', '', '', '', '', '', '', 'ao thun mct0026', 26, 1, 1536162763, 0, 0, '', '', '', 0, 0, 0, '', '', '', '', '', '', '', '', '', '', '', '', ''),
(626, 17141, 134, 0, 0, '', 'bat-dong-san', 1, 0, 0, 'ao-so-mi.jpg', 'ao-so-mi.jpg', 'Áo thun MCT-0025', 'MCT-0025', 'ao-thun-mct0025', '', '', '', '', '', 500000, 620000, '✓ Anie.vn giao hàng và thu tiền tận nơi toàn quốc. ✓ Miễn phí vận chuyển TOÀN QUỐC đối với đơn hàng từ 3 sản phẩm trở lên. ✓ Nhanh tay click MUA NGAY !', '', '', '', '', '', '', 'ao thun mct0025', 25, 1, 1536162763, 0, 0, '', '', '', 0, 0, 0, '', '', '', '', '', '', '', '', '', '', '', '', ''),
(625, 17141, 134, 0, 0, '', 'bat-dong-san', 1, 0, 0, 'ao-so-mi.jpg', 'ao-so-mi.jpg', 'Áo thun MCT-0024', 'MCT-0024', 'ao-thun-mct0024', '', '', '', '', '', 500000, 620000, '✓ Anie.vn giao hàng và thu tiền tận nơi toàn quốc. ✓ Miễn phí vận chuyển TOÀN QUỐC đối với đơn hàng từ 3 sản phẩm trở lên. ✓ Nhanh tay click MUA NGAY !', '', '', '', '', '', '', 'ao thun mct0024', 24, 1, 1536162763, 0, 5, '', '', '', 0, 0, 0, '', '', '', '', '', '', '', '', '', '', '', '', ''),
(624, 17141, 134, 0, 0, '', 'bat-dong-san', 1, 0, 0, 'ao-so-mi.jpg', 'ao-so-mi.jpg', 'Áo thun MCT-0023', 'MCT-0023', 'ao-thun-mct0023', '', '', '', '', '', 500000, 620000, '✓ Anie.vn giao hàng và thu tiền tận nơi toàn quốc. ✓ Miễn phí vận chuyển TOÀN QUỐC đối với đơn hàng từ 3 sản phẩm trở lên. ✓ Nhanh tay click MUA NGAY !', '', '', '', '', '', '', 'ao thun mct0023', 23, 1, 1536162763, 0, 0, '', '', '', 0, 0, 0, '', '', '', '', '', '', '', '', '', '', '', '', ''),
(623, 17141, 134, 0, 0, '', 'bat-dong-san', 1, 0, 0, 'ao-so-mi.jpg', 'ao-so-mi.jpg', 'Áo thun MCT-0022', 'MCT-0022', 'ao-thun-mct0022', '', '', '', '', '', 500000, 620000, '✓ Anie.vn giao hàng và thu tiền tận nơi toàn quốc. ✓ Miễn phí vận chuyển TOÀN QUỐC đối với đơn hàng từ 3 sản phẩm trở lên. ✓ Nhanh tay click MUA NGAY !', '', '', '', '', '', '', 'ao thun mct0022', 22, 1, 1536162763, 0, 0, '', '', '', 0, 0, 0, '', '', '', '', '', '', '', '', '', '', '', '', ''),
(621, 17141, 134, 0, 0, '', 'bat-dong-san', 1, 1, 0, 'ao-so-mi.jpg', 'ao-so-mi.jpg', 'Áo thun MCT-0020', 'MCT-0020', 'ao-thun-mct0020', '', '', '', '', '', 500000, 620000, '✓ Anie.vn giao hàng và thu tiền tận nơi toàn quốc. ✓ Miễn phí vận chuyển TOÀN QUỐC đối với đơn hàng từ 3 sản phẩm trở lên. ✓ Nhanh tay click MUA NGAY !', '', '', '', '', '', '', 'ao thun mct0020', 20, 1, 1536162763, 0, 0, '', '', '', 0, 0, 0, '', '', '', '', '', '', '', '', '', '', '', '', ''),
(620, 17141, 134, 0, 0, '', 'bat-dong-san', 1, 1, 0, 'ao-so-mi.jpg', 'ao-so-mi.jpg', 'Áo thun MCT-0019', 'MCT-0019', 'ao-thun-mct0019', '', '', '', '', '', 500000, 620000, '✓ Anie.vn giao hàng và thu tiền tận nơi toàn quốc. ✓ Miễn phí vận chuyển TOÀN QUỐC đối với đơn hàng từ 3 sản phẩm trở lên. ✓ Nhanh tay click MUA NGAY !', '', '', '', '', '', '', 'ao thun mct0019', 19, 1, 1536162763, 0, 9, '', '', '', 0, 0, 0, '', '', '', '', '', '', '', '', '', '', '', '', ''),
(619, 17136, 135, 0, 0, '', 'bat-dong-san', 1, 1, 0, 'ao-so-mi.jpg', 'ao-so-mi.jpg', 'Áo khoác MCT-0017', 'MCT-0017', 'ao-khoac-mct0017', '', '', '', '', '', 500000, 620000, '✓ Anie.vn giao hàng và thu tiền tận nơi toàn quốc. ✓ Miễn phí vận chuyển TOÀN QUỐC đối với đơn hàng từ 3 sản phẩm trở lên. ✓ Nhanh tay click MUA NGAY !', '', '', '', '', '', '', 'ao khoac mct0017', 17, 1, 1536162698, 0, 0, '', '', '', 0, 0, 0, '', '', '', '', '', '', '', '', '', '', '', '', ''),
(617, 17136, 135, 0, 0, '', 'bat-dong-san', 1, 1, 0, 'ao-so-mi.jpg', 'ao-so-mi.jpg', 'Áo khoác MCT-0015', 'MCT-0015', 'ao-khoac-mct0015', '', '', '', '', '', 500000, 620000, '✓ Anie.vn giao hàng và thu tiền tận nơi toàn quốc. ✓ Miễn phí vận chuyển TOÀN QUỐC đối với đơn hàng từ 3 sản phẩm trở lên. ✓ Nhanh tay click MUA NGAY !', '', '', '', '', '', '', 'ao khoac mct0015', 15, 1, 1536162698, 0, 0, '', '', '', 0, 0, 0, '', '', '', '', '', '', '', '', '', '', '', '', ''),
(605, 17135, 135, 0, 0, '', 'bat-dong-san', 1, 1, 0, 'ao-so-mi.jpg', 'ao-so-mi.jpg', 'Áo khoác MCT-002', 'MCT-002', 'ao-khoac-mct002', '', '', '', '', '', 500000, 620000, 'Our team takes over everything, from an idea and concept development to realization. We believe in traditions and incorporate them within our innovations.', '', '', '', '', '', '', 'ao khoac mct002', 2, 1, 1536162522, 0, 18, '', '', '', 0, 0, 0, '', '', '', '', '', '', '', '', '', '', '', '', ''),
(606, 17135, 135, 0, 0, '', 'bat-dong-san', 1, 1, 0, 'ao-so-mi.jpg', 'ao-so-mi.jpg', 'Áo khoác MCT-003', 'MCT-003', 'ao-khoac-mct003', '', '', '', '', '', 500000, 620000, 'Our team takes over everything, from an idea and concept development to realization. We believe in traditions and incorporate them within our innovations.', '', '', '', '', '', '', 'ao khoac mct003', 3, 1, 1536162522, 0, 5, '', '', '', 0, 0, 0, '', '', '', '', '', '', '', '', '', '', '', '', ''),
(607, 17135, 135, 0, 0, '', 'bat-dong-san', 1, 1, 0, 'ao-so-mi.jpg', 'ao-so-mi.jpg', 'Áo khoác MCT-004', 'MCT-004', 'ao-khoac-mct004', '', '', '', '', '', 500000, 620000, 'Our team takes over everything, from an idea and concept development to realization. We believe in traditions and incorporate them within our innovations.', '', '', '', '', '', '', 'ao khoac mct004', 4, 1, 1536162522, 0, 8, '', '', '', 0, 0, 0, '', '', '', '', '', '', '', '', '', '', '', '', ''),
(608, 17135, 135, 0, 0, '', 'bat-dong-san', 1, 1, 0, 'ao-so-mi.jpg', 'ao-so-mi.jpg', 'Áo khoác MCT-005', 'MCT-005', 'ao-khoac-mct005', '', '', '', '', '', 500000, 620000, 'Our team takes over everything, from an idea and concept development to realization. We believe in traditions and incorporate them within our innovations.', '', '', '', '', '', '', 'ao khoac mct005', 5, 1, 1536162522, 0, 3, '', '', '', 0, 0, 0, '', '', '', '', '', '', '', '', '', '', '', '', ''),
(609, 17135, 135, 0, 0, '', 'bat-dong-san', 1, 1, 0, 'ao-so-mi.jpg', 'ao-so-mi.jpg', 'Áo khoác MCT-006', 'MCT-006', 'ao-khoac-mct006', '', '', '', '', '', 500000, 620000, 'Our team takes over everything, from an idea and concept development to realization. We believe in traditions and incorporate them within our innovations.', '', '', '', '', '', '', 'ao khoac mct006', 6, 1, 1536162522, 0, 1, '', '', '', 0, 0, 0, '', '', '', '', '', '', '', '', '', '', '', '', ''),
(622, 17141, 134, 0, 0, '', 'bat-dong-san', 1, 1, 0, 'ao-so-mi.jpg', 'ao-so-mi.jpg', 'Áo thun MCT-0021', 'MCT-0021', 'ao-thun-mct0021', '', '', '', '', '', 500000, 620000, '✓ Anie.vn giao hàng và thu tiền tận nơi toàn quốc. ✓ Miễn phí vận chuyển TOÀN QUỐC đối với đơn hàng từ 3 sản phẩm trở lên. ✓ Nhanh tay click MUA NGAY !', '', '', '', '', '', '', 'ao thun mct0021', 21, 1, 1536162763, 0, 0, '', '', '', 0, 0, 0, '', '', '', '', '', '', '', '', '', '', '', '', ''),
(618, 17136, 135, 0, 0, '', 'bat-dong-san', 1, 1, 0, 'ao-so-mi.jpg', 'ao-so-mi.jpg', 'Áo khoác MCT-0016', 'MCT-0016', 'ao-khoac-mct0016', '', '', '', '', '', 500000, 620000, '✓ Anie.vn giao hàng và thu tiền tận nơi toàn quốc. ✓ Miễn phí vận chuyển TOÀN QUỐC đối với đơn hàng từ 3 sản phẩm trở lên. ✓ Nhanh tay click MUA NGAY !', '', '', '', '', '', '', 'ao khoac mct0016', 16, 1, 1536162698, 0, 0, '', '', '', 0, 0, 0, '', '', '', '', '', '', '', '', '', '', '', '', ''),
(610, 17135, 135, 0, 0, '', 'bat-dong-san', 1, 1, 0, 'ao-so-mi.jpg', 'ao-so-mi.jpg', 'Áo khoác MCT-007', 'MCT-007', 'ao-khoac-mct007', '', '', '', '', '', 500000, 620000, 'Our team takes over everything, from an idea and concept development to realization. We believe in traditions and incorporate them within our innovations.', '', '', '', '', '', '', 'ao khoac mct007', 7, 1, 1536162522, 0, 0, '', '', '', 0, 0, 0, '', '', '', '', '', '', '', '', '', '', '', '', ''),
(611, 17135, 135, 0, 0, '', 'bat-dong-san', 1, 1, 0, 'ao-so-mi.jpg', 'ao-so-mi.jpg', 'Áo khoác MCT-008', 'MCT-008', 'ao-khoac-mct008', '', '', '', '', '', 500000, 620000, 'Our team takes over everything, from an idea and concept development to realization. We believe in traditions and incorporate them within our innovations.', '', '', '', '', '', '', 'ao khoac mct008', 8, 1, 1536162522, 0, 0, '', '', '', 0, 0, 0, '', '', '', '', '', '', '', '', '', '', '', '', ''),
(612, 17136, 135, 0, 0, '', 'bat-dong-san', 1, 1, 0, 'ao-so-mi.jpg', 'ao-so-mi.jpg', 'Áo khoác MCT-0010', 'MCT-0010', 'ao-khoac-mct0010', '', '', '', '', '', 500000, 620000, '✓ Anie.vn giao hàng và thu tiền tận nơi toàn quốc. ✓ Miễn phí vận chuyển TOÀN QUỐC đối với đơn hàng từ 3 sản phẩm trở lên. ✓ Nhanh tay click MUA NGAY !', '', '', '', '', '', '', 'ao khoac mct0010', 10, 1, 1536162698, 0, 0, '', '', '', 0, 0, 0, '', '', '', '', '', '', '', '', '', '', '', '', ''),
(613, 17136, 135, 0, 0, '', 'bat-dong-san', 1, 1, 0, 'ao-so-mi.jpg', 'ao-so-mi.jpg', 'Áo khoác MCT-0011', 'MCT-0011', 'ao-khoac-mct0011', '', '', '', '', '', 500000, 620000, '✓ Anie.vn giao hàng và thu tiền tận nơi toàn quốc. ✓ Miễn phí vận chuyển TOÀN QUỐC đối với đơn hàng từ 3 sản phẩm trở lên. ✓ Nhanh tay click MUA NGAY !', '', '', '', '', '', '', 'ao khoac mct0011', 11, 1, 1536162698, 0, 0, '', '', '', 0, 0, 0, '', '', '', '', '', '', '', '', '', '', '', '', ''),
(614, 17136, 135, 0, 0, '', 'bat-dong-san', 1, 1, 0, 'ao-so-mi.jpg', 'ao-so-mi.jpg', 'Áo khoác MCT-0012', 'MCT-0012', 'ao-khoac-mct0012', '', '', '', '', '', 500000, 620000, '✓ Anie.vn giao hàng và thu tiền tận nơi toàn quốc. ✓ Miễn phí vận chuyển TOÀN QUỐC đối với đơn hàng từ 3 sản phẩm trở lên. ✓ Nhanh tay click MUA NGAY !', '', '', '', '', '', '', 'ao khoac mct0012', 12, 1, 1536162698, 0, 1, '', '', '', 0, 0, 0, '', '', '', '', '', '', '', '', '', '', '', '', ''),
(615, 17136, 135, 0, 0, '', 'bat-dong-san', 1, 1, 0, 'ao-so-mi.jpg', 'ao-so-mi.jpg', 'Áo khoác MCT-0013', 'MCT-0013', 'ao-khoac-mct0013', '', '', '', '', '', 500000, 620000, '✓ Anie.vn giao hàng và thu tiền tận nơi toàn quốc. ✓ Miễn phí vận chuyển TOÀN QUỐC đối với đơn hàng từ 3 sản phẩm trở lên. ✓ Nhanh tay click MUA NGAY !', '', '', '', '', '', '', 'ao khoac mct0013', 13, 1, 1536162698, 0, 0, '', '', '', 0, 0, 0, '', '', '', '', '', '', '', '', '', '', '', '', ''),
(616, 17136, 135, 0, 0, '', 'bat-dong-san', 1, 1, 0, 'ao-so-mi.jpg', 'ao-so-mi.jpg', 'Áo khoác MCT-0014', 'MCT-0014', 'ao-khoac-mct0014', '', '', '', '', '', 500000, 620000, '✓ Anie.vn giao hàng và thu tiền tận nơi toàn quốc. ✓ Miễn phí vận chuyển TOÀN QUỐC đối với đơn hàng từ 3 sản phẩm trở lên. ✓ Nhanh tay click MUA NGAY !', '', '', '', '', '', '', 'ao khoac mct0014', 14, 1, 1536162698, 0, 1, '', '', '', 0, 0, 0, '', '', '', '', '', '', '', '', '', '', '', '', '');

-- --------------------------------------------------------

--
-- Structure de la table `table_product_cat`
--

CREATE TABLE IF NOT EXISTS `table_product_cat` (
  `id` int(11) NOT NULL AUTO_INCREMENT,
  `id_list` int(11) NOT NULL,
  `type` varchar(100) NOT NULL,
  `ten_vi` varchar(255) NOT NULL,
  `ten_en` varchar(255) NOT NULL,
  `mota_vi` text NOT NULL,
  `mota_en` text NOT NULL,
  `tenkhongdau` varchar(255) NOT NULL,
  `mota` text NOT NULL,
  `title` varchar(255) NOT NULL,
  `keywords` varchar(1024) NOT NULL,
  `description` varchar(1024) NOT NULL,
  `photo` varchar(255) NOT NULL,
  `thumb` varchar(255) NOT NULL,
  `stt` int(11) NOT NULL,
  `hienthi` int(11) NOT NULL,
  `ngaytao` int(11) NOT NULL,
  `ngaysua` int(11) NOT NULL,
  PRIMARY KEY (`id`)
) ENGINE=MyISAM  DEFAULT CHARSET=utf8 AUTO_INCREMENT=17144 ;

--
-- Contenu de la table `table_product_cat`
--

INSERT INTO `table_product_cat` (`id`, `id_list`, `type`, `ten_vi`, `ten_en`, `mota_vi`, `mota_en`, `tenkhongdau`, `mota`, `title`, `keywords`, `description`, `photo`, `thumb`, `stt`, `hienthi`, `ngaytao`, `ngaysua`) VALUES
(17133, 135, 'san-pham', 'Áo khoác nỉ', '', '', '', 'ao-khoac-ni', '', '', '', '', '', '', 1, 1, 1536159488, 0),
(17134, 135, 'san-pham', 'Áo khoác dù breaker', '', '', '', 'ao-khoac-du-breaker', '', '', '', '', '', '', 1, 1, 1536159502, 0),
(17135, 135, 'san-pham', 'Áo khoác kaki', '', '', '', 'ao-khoac-kaki', '', '', '', '', '', '', 1, 1, 1536159510, 0),
(17136, 135, 'san-pham', 'Áo khoác Gile', '', '', '', 'ao-khoac-gile', '', '', '', '', '', '', 1, 1, 1536159517, 0),
(17137, 135, 'san-pham', 'Áo khoác JEAN', '', '', '', 'ao-khoac-jean', '', '', '', '', '', '', 1, 1, 1536159526, 0),
(17138, 135, 'san-pham', 'Áo khoác CARDIGAN', '', '', '', 'ao-khoac-cardigan', '', '', '', '', '', '', 1, 1, 1536159535, 0),
(17139, 135, 'san-pham', 'Áo Vest Nam', '', '', '', 'ao-vest-nam', '', '', '', '', '', '', 1, 1, 1536159544, 0),
(17140, 134, 'san-pham', 'Áo Thun Ngắn Tay', '', '', '', 'ao-thun-ngan-tay', '', '', '', '', '', '', 1, 1, 1536161265, 0),
(17141, 134, 'san-pham', 'Áo Thun Dài Tay', '', '', '', 'ao-thun-dai-tay', '', '', '', '', '', '', 1, 1, 1536161275, 0),
(17142, 133, 'san-pham', 'Áo Sơ Mi Ngắn Tay', '', '', '', 'ao-so-mi-ngan-tay', '', '', '', '', '', '', 1, 1, 1536161291, 0),
(17143, 133, 'san-pham', 'Áo Sơ Mi Dài Tay', '', '', '', 'ao-so-mi-dai-tay', '', '', '', '', '', '', 1, 1, 1536161305, 0);

-- --------------------------------------------------------

--
-- Structure de la table `table_product_item`
--

CREATE TABLE IF NOT EXISTS `table_product_item` (
  `id` int(11) NOT NULL AUTO_INCREMENT,
  `id_list` int(11) NOT NULL,
  `id_cat` int(10) NOT NULL,
  `type` varchar(100) NOT NULL,
  `ten_vi` varchar(255) NOT NULL,
  `ten_en` varchar(255) NOT NULL,
  `mota_vi` text NOT NULL,
  `mota_en` text NOT NULL,
  `tenkhongdau` varchar(255) NOT NULL,
  `mota` text NOT NULL,
  `title` varchar(255) NOT NULL,
  `keywords` varchar(1024) NOT NULL,
  `description` varchar(1024) NOT NULL,
  `photo` varchar(255) NOT NULL,
  `thumb` varchar(255) NOT NULL,
  `stt` int(11) NOT NULL,
  `hienthi` int(11) NOT NULL,
  `ngaytao` int(11) NOT NULL,
  `ngaysua` int(11) NOT NULL,
  PRIMARY KEY (`id`)
) ENGINE=MyISAM  DEFAULT CHARSET=utf8 AUTO_INCREMENT=28 ;

-- --------------------------------------------------------

--
-- Structure de la table `table_product_list`
--

CREATE TABLE IF NOT EXISTS `table_product_list` (
  `id` int(11) NOT NULL AUTO_INCREMENT,
  `noibat` tinyint(2) NOT NULL,
  `type` varchar(100) NOT NULL,
  `ten_vi` varchar(255) NOT NULL,
  `ten_en` varchar(255) NOT NULL,
  `name_vi` varchar(255) NOT NULL,
  `name_en` varchar(255) NOT NULL,
  `tenkhongdau` varchar(255) NOT NULL,
  `links` varchar(255) NOT NULL,
  `title` varchar(255) NOT NULL,
  `keywords` varchar(225) NOT NULL,
  `description` varchar(225) NOT NULL,
  `photo` varchar(255) NOT NULL,
  `thumb` varchar(255) NOT NULL,
  `stt` int(11) NOT NULL,
  `hienthi` int(11) NOT NULL,
  `ngaytao` int(11) NOT NULL,
  `ngaysua` int(11) NOT NULL,
  `quangcao` varchar(255) CHARACTER SET utf8 COLLATE utf8_unicode_ci NOT NULL,
  `quangcao_thumb` varchar(255) CHARACTER SET utf8 COLLATE utf8_unicode_ci NOT NULL,
  `mota_vi` text NOT NULL,
  `mota_en` text NOT NULL,
  PRIMARY KEY (`id`)
) ENGINE=MyISAM  DEFAULT CHARSET=utf8 AUTO_INCREMENT=138 ;

--
-- Contenu de la table `table_product_list`
--

INSERT INTO `table_product_list` (`id`, `noibat`, `type`, `ten_vi`, `ten_en`, `name_vi`, `name_en`, `tenkhongdau`, `links`, `title`, `keywords`, `description`, `photo`, `thumb`, `stt`, `hienthi`, `ngaytao`, `ngaysua`, `quangcao`, `quangcao_thumb`, `mota_vi`, `mota_en`) VALUES
(111, 1, 'thuong-hieu', 'Bridgestone', '', '', '', 'bridgestone', '', '', '', '', '1-3545.png', '1-3545_120x42.857142857143.png', 1, 1, 1523324542, 1523324648, '', '', '', ''),
(112, 1, 'thuong-hieu', 'Good year', '', '', '', 'good-year', '', '', '', '', '2-1447.png', '2-1447_120x42.857142857143.png', 1, 1, 1523324668, 0, '', '', '', ''),
(113, 1, 'thuong-hieu', 'Toyo Tires', '', '', '', 'toyo-tires', '', '', '', '', '3-195.png', '3-195_120x42.857142857143.png', 1, 1, 1523324684, 0, '', '', '', ''),
(114, 1, 'thuong-hieu', 'Firestone', '', '', '', 'firestone', '', '', '', '', '4-8304.png', '4-8304_120x42.857142857143.png', 1, 1, 1523324716, 0, '', '', '', ''),
(115, 1, 'thuong-hieu', 'Pirelli', '', '', '', 'pirelli', '', '', '', '', '5-7784.png', '5-7784_120x42.857142857143.png', 1, 1, 1523324735, 0, '', '', '', ''),
(116, 1, 'thuong-hieu', 'Dunlop', '', '', '', 'dunlop', '', '', '', '', '6-7805.png', '6-7805_120x42.857142857143.png', 1, 1, 1523324743, 0, '', '', '', ''),
(117, 1, 'thuong-hieu', 'Yokohama', '', '', '', 'yokohama', '', '', '', '', '7-2241.png', '7-2241_120x42.857142857143.png', 1, 1, 1523324753, 0, '', '', '', ''),
(118, 1, 'thuong-hieu', 'Michelin', '', '', '', 'michelin', '', '', '', '', '8-7131.png', '8-7131_120x42.857142857143.png', 1, 1, 1523324776, 0, '', '', '', ''),
(119, 1, 'thuong-hieu', 'Silcolene', '', '', '', 'silcolene', '', '', '', '', '9-8230.png', '9-8230_120x42.857142857143.png', 1, 1, 1523324793, 0, '', '', '', ''),
(120, 1, 'thuong-hieu', 'Cheng shin', '', '', '', 'cheng-shin', '', '', '', '', '10-8466.png', '10-8466_120x42.857142857143.png', 1, 1, 1523324817, 0, '', '', '', ''),
(132, 0, 'bat-dong-san', 'Bán', '', '', '', 'ban', 'http://themes-pixeden.com/font-demos/7-stroke/', '', '', '', '9-4763.jpg', '9-4763_426x600.jpg', 4, 1, 1533288228, 1536165662, 'qc2-9617.jpg', 'qc2-9617_600x600.jpg', '', ''),
(133, 0, 'bat-dong-san', 'Cho thuê', '', '', '', 'cho-thue', 'http://themes-pixeden.com/font-demos/7-stroke/', '', '', '', '8-7606.jpg', '8-7606_423.75x600.jpg', 3, 1, 1533288245, 1536165654, 'qc1-5158.jpg', 'qc1-5158_600x600.jpg', '', ''),
(134, 1, 'san-pham', 'Áo Thun Nam', '', '', '', 'ao-thun-nam', 'http://themes-pixeden.com/font-demos/7-stroke/', '', '', '', '3-3444.jpg', '3-3444_423.75x600.jpg', 2, 1, 1533799397, 1536165645, 'qc2-8927.jpg', 'qc2-8927_600x600.jpg', '', ''),
(135, 1, 'san-pham', 'Áo khoác nam', '', '', '', 'ao-khoac-nam', 'http://themes-pixeden.com/font-demos/7-stroke/', '', '', '', '2-9796.jpg', '2-9796_423.75x600.jpg', 1, 1, 1533799416, 1536165638, 'qc1-3294.jpg', 'qc1-3294_600x600.jpg', '', ''),
(136, 0, 'san-pham', 'Quần Short Nam', '', '', '', 'quan-short-nam', 'http://themes-pixeden.com/font-demos/7-stroke/', '', '', '', '10-786.jpg', '10-786_426x600.jpg', 5, 1, 1536159456, 1536165669, 'qc1-8721.jpg', 'qc1-8721_600x600.jpg', '', ''),
(137, 0, 'san-pham', 'Phụ Kiện', '', '', '', 'phu-kien', 'http://themes-pixeden.com/font-demos/7-stroke/', '', '', '', '13-574.jpg', '13-574_426x600.jpg', 6, 1, 1536159470, 1536165679, 'qc2-6454.jpg', 'qc2-6454_600x600.jpg', '', '');

-- --------------------------------------------------------

--
-- Structure de la table `table_product_photo`
--

CREATE TABLE IF NOT EXISTS `table_product_photo` (
  `id` int(10) unsigned NOT NULL AUTO_INCREMENT,
  `id_product` int(11) NOT NULL,
  `type` varchar(50) NOT NULL,
  `photo` varchar(225) NOT NULL,
  `thumb` varchar(225) NOT NULL,
  `ten` varchar(255) CHARACTER SET utf8 COLLATE utf8_unicode_ci NOT NULL,
  `mota` varchar(1024) NOT NULL,
  `stt` int(10) unsigned NOT NULL DEFAULT '1',
  `hienthi` tinyint(1) NOT NULL DEFAULT '1',
  `ngaytao` int(11) NOT NULL,
  `ngaysua` int(11) NOT NULL,
  PRIMARY KEY (`id`)
) ENGINE=MyISAM  DEFAULT CHARSET=utf8 AUTO_INCREMENT=73 ;

-- --------------------------------------------------------

--
-- Structure de la table `table_product_sub`
--

CREATE TABLE IF NOT EXISTS `table_product_sub` (
  `id` int(11) NOT NULL AUTO_INCREMENT,
  `id_list` int(11) NOT NULL,
  `id_cat` int(11) NOT NULL,
  `id_item` int(11) NOT NULL,
  `type` varchar(100) NOT NULL,
  `ten_vi` varchar(255) NOT NULL,
  `ten_en` varchar(255) NOT NULL,
  `tenkhongdau` varchar(255) NOT NULL,
  `mota` text NOT NULL,
  `title` varchar(255) NOT NULL,
  `keywords` varchar(1024) NOT NULL,
  `description` varchar(1024) NOT NULL,
  `photo` varchar(255) NOT NULL,
  `thumb` varchar(255) NOT NULL,
  `stt` int(11) NOT NULL,
  `hienthi` int(11) NOT NULL,
  `ngaytao` int(11) NOT NULL,
  `ngaysua` int(11) NOT NULL,
  PRIMARY KEY (`id`)
) ENGINE=MyISAM DEFAULT CHARSET=utf8 AUTO_INCREMENT=1 ;

-- --------------------------------------------------------

--
-- Structure de la table `table_rating`
--

CREATE TABLE IF NOT EXISTS `table_rating` (
  `id` int(11) NOT NULL AUTO_INCREMENT,
  `tieude` varchar(20) COLLATE utf8_unicode_ci NOT NULL,
  `rating` int(2) NOT NULL,
  `ip_address` varchar(15) COLLATE utf8_unicode_ci NOT NULL,
  `id_product` int(11) NOT NULL,
  `id_user` int(11) NOT NULL,
  `ngaytao` int(11) NOT NULL,
  PRIMARY KEY (`id`)
) ENGINE=MyISAM  DEFAULT CHARSET=utf8 COLLATE=utf8_unicode_ci AUTO_INCREMENT=3 ;

--
-- Contenu de la table `table_rating`
--

INSERT INTO `table_rating` (`id`, `tieude`, `rating`, `ip_address`, `id_product`, `id_user`, `ngaytao`) VALUES
(1, 'WOW!!!', 5, '::1', 209, 0, 1542299339),
(2, 'WOW!!!', 5, '171.226.4.238', 250, 0, 1543418207);

-- --------------------------------------------------------

--
-- Structure de la table `table_setting`
--

CREATE TABLE IF NOT EXISTS `table_setting` (
  `id` int(10) NOT NULL AUTO_INCREMENT,
  `title` varchar(255) NOT NULL,
  `keywords` varchar(1024) NOT NULL,
  `description` varchar(1024) NOT NULL,
  `photo` varchar(255) NOT NULL,
  `ten_vi` varchar(255) NOT NULL,
  `ten_en` varchar(255) NOT NULL,
  `slogan_vi` varchar(255) NOT NULL,
  `slogan_en` varchar(255) NOT NULL,
  `email` varchar(255) NOT NULL,
  `dienthoai` varchar(255) NOT NULL,
  `diachi_vi` varchar(255) NOT NULL,
  `diachi_en` varchar(255) NOT NULL,
  `hotline` varchar(255) NOT NULL,
  `toado` text NOT NULL,
  `website` varchar(255) NOT NULL,
  `facebook` varchar(255) NOT NULL,
  `analytics` text NOT NULL,
  `vchat` text NOT NULL,
  `bgtop` varchar(255) NOT NULL,
  `bgcontent` varchar(255) NOT NULL,
  `tags` text NOT NULL,
  `tagskhongdau` text NOT NULL,
  `page_sp` int(5) NOT NULL,
  `page_ne` int(5) NOT NULL,
  `page_in` int(5) NOT NULL,
  `hotlinepage` text NOT NULL,
  `lienketweb` text NOT NULL,
  `disable_web` tinyint(2) NOT NULL,
  `desc_tragop_vi` varchar(255) NOT NULL,
  `desc_tragop_en` varchar(255) NOT NULL,
  `desc_slider1_vi` text NOT NULL,
  `desc_slider1_en` text NOT NULL,
  `desc_slider2_vi` text NOT NULL,
  `desc_slider2_en` text NOT NULL,
  PRIMARY KEY (`id`)
) ENGINE=MyISAM  DEFAULT CHARSET=utf8 AUTO_INCREMENT=2 ;

--
-- Contenu de la table `table_setting`
--

INSERT INTO `table_setting` (`id`, `title`, `keywords`, `description`, `photo`, `ten_vi`, `ten_en`, `slogan_vi`, `slogan_en`, `email`, `dienthoai`, `diachi_vi`, `diachi_en`, `hotline`, `toado`, `website`, `facebook`, `analytics`, `vchat`, `bgtop`, `bgcontent`, `tags`, `tagskhongdau`, `page_sp`, `page_ne`, `page_in`, `hotlinepage`, `lienketweb`, `disable_web`, `desc_tragop_vi`, `desc_tragop_en`, `desc_slider1_vi`, `desc_slider1_en`, `desc_slider2_vi`, `desc_slider2_en`) VALUES
(1, 'CTY HOÀNG MINH LỢI', 'News Coin', 'News Coin', 'map-4132.png', 'Công ty TNHH Hoàng Minh Lợi', 'abc', 'Chào mừng bạn đến với website của Hoàng Minh Lợi', '', 'huuloi200882@gmail.com', '0902 413 979', '114/85/3A Tô Ngọc vân, P.15, Q.Gò Vấp, Tp. HCM', 'Nhà Xưởng: A7/2/2 Ấp 1,Vĩnh Lộc B,Võ Văn Vân,Huyện Bình Chánh,Tp.HCM', '0902 413 979', '<iframe src="https://www.google.com/maps/embed?pb=!1m18!1m12!1m3!1d3918.3795933076476!2d106.6705043144002!3d10.858705992265728!2m3!1f0!2f0!3f0!3m2!1i1024!2i768!4f13.1!3m3!1m2!1s0x0%3A0x0!2zMTDCsDUxJzMxLjMiTiAxMDbCsDQwJzIxLjciRQ!5e0!3m2!1svi!2s!4v1543457044253" width="600" height="450" frameborder="0" style="border:0" allowfullscreen></iframe>', 'Hoangminhloi.com', 'https://www.facebook.com/xaydungthuonghieuviet/', '', '', 'logo7539-7976.jpg', 'errorflat-1773.png', '', '', 20, 20, 10, '<h5>Để có ngôi nhà mơ ước của bạn, hãy liên hệ với chúng tôi ngay!</h5>\r\n<p>Hỗ trợ tư vấn, thiết kế & xây dựng chuyên nghiệp</p>', 'https://google.com.vn,https://thethao247.vn', 0, 'Mua trả góp liên hệ tại TRỌNG LỄ', '', 'Vương Quốc Đèn', '', 'Chuyên cung cấp các loại đèn chiếu sáng', '');

-- --------------------------------------------------------

--
-- Structure de la table `table_tailieu`
--

CREATE TABLE IF NOT EXISTS `table_tailieu` (
  `id` int(11) NOT NULL AUTO_INCREMENT,
  `type` varchar(100) NOT NULL,
  `ten_vi` varchar(255) NOT NULL,
  `ten_en` varchar(255) NOT NULL,
  `ten_cn` varchar(255) NOT NULL,
  `mota_vi` text NOT NULL,
  `mota_en` text NOT NULL,
  `mota_cn` text NOT NULL,
  `tenkhongdau` varchar(255) NOT NULL,
  `photo` varchar(255) NOT NULL,
  `thumb` varchar(255) NOT NULL,
  `tailieu` varchar(255) NOT NULL,
  `stt` int(11) NOT NULL,
  `hienthi` int(11) NOT NULL,
  `ngaytao` int(11) NOT NULL,
  `ngaysua` int(11) NOT NULL,
  `noibat` tinyint(2) NOT NULL,
  PRIMARY KEY (`id`)
) ENGINE=MyISAM  DEFAULT CHARSET=utf8 AUTO_INCREMENT=34 ;

--
-- Contenu de la table `table_tailieu`
--

INSERT INTO `table_tailieu` (`id`, `type`, `ten_vi`, `ten_en`, `ten_cn`, `mota_vi`, `mota_en`, `mota_cn`, `tenkhongdau`, `photo`, `thumb`, `tailieu`, `stt`, `hienthi`, `ngaytao`, `ngaysua`, `noibat`) VALUES
(33, 'tai-lieu', 'Tài liệu dữ liệu truyền thông', '', '', '', '', '', 'tai-lieu-du-lieu-truyen-thong', '', '', 'dac-ta-lap-trinh-website-xavia-4812.docx', 1, 1, 1535530792, 1535530923, 0);

-- --------------------------------------------------------

--
-- Structure de la table `table_thanhvien`
--

CREATE TABLE IF NOT EXISTS `table_thanhvien` (
  `id` int(10) unsigned NOT NULL AUTO_INCREMENT,
  `username` varchar(225) NOT NULL,
  `userid` varchar(100) NOT NULL,
  `password` varchar(225) NOT NULL,
  `hoten` varchar(225) NOT NULL,
  `dienthoai` varchar(225) NOT NULL,
  `email` varchar(225) NOT NULL,
  `diachi` varchar(225) NOT NULL,
  `photo` varchar(255) NOT NULL,
  `sex` tinyint(1) NOT NULL DEFAULT '0',
  `ngaysinh` varchar(20) CHARACTER SET utf8 COLLATE utf8_unicode_ci NOT NULL,
  `congty` varchar(225) NOT NULL,
  `country` varchar(225) NOT NULL,
  `city` varchar(225) NOT NULL,
  `hienthi` tinyint(1) NOT NULL DEFAULT '1',
  `com` varchar(225) NOT NULL DEFAULT 'user',
  `type` varchar(255) CHARACTER SET utf8 COLLATE utf8_unicode_ci NOT NULL,
  `activation` varchar(255) CHARACTER SET utf8 COLLATE utf8_unicode_ci NOT NULL,
  `stt` int(11) NOT NULL,
  `ngaytao` int(11) NOT NULL,
  `ten` varchar(255) NOT NULL,
  PRIMARY KEY (`id`)
) ENGINE=MyISAM  DEFAULT CHARSET=utf8 AUTO_INCREMENT=11 ;

--
-- Contenu de la table `table_thanhvien`
--

INSERT INTO `table_thanhvien` (`id`, `username`, `userid`, `password`, `hoten`, `dienthoai`, `email`, `diachi`, `photo`, `sex`, `ngaysinh`, `congty`, `country`, `city`, `hienthi`, `com`, `type`, `activation`, `stt`, `ngaytao`, `ten`) VALUES
(10, 'admin', 'user00010', '438ae029fd431d6416f1fe3b821b6370', 'Nguyễn Thành Thắng', '0933526651', 'thanhthangnina@gmail.com', '106 Bàu Cát 1. Phường 14, Quận Tân Bình', '1_1526026340.jpg', 0, '8/7/1991', '', '', '', 1, 'user', 'member', '0f16c71bf087d0af6cc64f9a172de8ea', 1, 1526005698, '');

-- --------------------------------------------------------

--
-- Structure de la table `table_tinhtrang`
--

CREATE TABLE IF NOT EXISTS `table_tinhtrang` (
  `id` int(11) NOT NULL AUTO_INCREMENT,
  `trangthai` varchar(255) NOT NULL,
  PRIMARY KEY (`id`)
) ENGINE=MyISAM  DEFAULT CHARSET=utf8 AUTO_INCREMENT=6 ;

--
-- Contenu de la table `table_tinhtrang`
--

INSERT INTO `table_tinhtrang` (`id`, `trangthai`) VALUES
(1, 'Mới đặt'),
(2, 'Đã xác nhận'),
(3, 'Đang giao hàng'),
(4, 'Đã giao'),
(5, 'Đã hủy');

-- --------------------------------------------------------

--
-- Structure de la table `table_user`
--

CREATE TABLE IF NOT EXISTS `table_user` (
  `id` int(10) unsigned NOT NULL AUTO_INCREMENT,
  `username` varchar(225) NOT NULL,
  `password` varchar(225) NOT NULL,
  `ten` varchar(225) NOT NULL,
  `dienthoai` varchar(225) NOT NULL,
  `email` varchar(225) NOT NULL,
  `diachi` varchar(225) NOT NULL,
  `sex` tinyint(1) NOT NULL DEFAULT '0',
  `nick_yahoo` varchar(225) NOT NULL,
  `nick_skype` varchar(225) NOT NULL,
  `congty` varchar(225) NOT NULL,
  `country` varchar(225) NOT NULL,
  `city` varchar(225) NOT NULL,
  `quyen` varchar(255) NOT NULL,
  `role` tinyint(3) unsigned NOT NULL DEFAULT '1',
  `hienthi` tinyint(1) NOT NULL DEFAULT '1',
  `com` varchar(225) NOT NULL DEFAULT 'user',
  `type` varchar(255) NOT NULL,
  `stt` int(11) NOT NULL,
  `permission` varchar(255) NOT NULL,
  PRIMARY KEY (`id`)
) ENGINE=MyISAM  DEFAULT CHARSET=utf8 AUTO_INCREMENT=9 ;

--
-- Contenu de la table `table_user`
--

INSERT INTO `table_user` (`id`, `username`, `password`, `ten`, `dienthoai`, `email`, `diachi`, `sex`, `nick_yahoo`, `nick_skype`, `congty`, `country`, `city`, `quyen`, `role`, `hienthi`, `com`, `type`, `stt`, `permission`) VALUES
(3, 'pkadmin', 'dfd51b3a86856c030f92126914ce997f', '', '', '', '', 0, '', '', '', '', '', '', 3, 1, 'user', 'user', 0, ''),
(7, 'itpksecure', 'd72fcf3b87d1c1edcdfc0c396ca03e18', '', '', '', '', 0, '', '', '', '', '', '', 3, 1, 'user', 'user', 0, ''),
(8, 'adminweb', 'cccafc12bc06790a411e4c3f5c2236ee', '', '', '', '', 0, '', '', '', '', '', '', 3, 1, 'user', 'user', 0, '');

-- --------------------------------------------------------

--
-- Structure de la table `table_video`
--

CREATE TABLE IF NOT EXISTS `table_video` (
  `id` int(10) unsigned NOT NULL AUTO_INCREMENT,
  `noibat` int(11) NOT NULL,
  `type` varchar(100) NOT NULL,
  `photo` varchar(225) NOT NULL,
  `thumb` varchar(225) NOT NULL,
  `video` varchar(255) NOT NULL,
  `ten_vi` varchar(100) CHARACTER SET utf8 COLLATE utf8_unicode_ci NOT NULL,
  `tenkhongdau` varchar(255) NOT NULL,
  `links` varchar(255) NOT NULL,
  `title` varchar(255) NOT NULL,
  `keywords` varchar(1024) NOT NULL,
  `description` varchar(1024) NOT NULL,
  `ten_en` varchar(255) NOT NULL,
  `stt` int(10) unsigned NOT NULL DEFAULT '1',
  `hienthi` tinyint(1) NOT NULL DEFAULT '1',
  `ngaytao` int(11) NOT NULL,
  `ngaysua` int(11) NOT NULL,
  `luotxem` int(11) NOT NULL,
  `mota_en` text NOT NULL,
  `mota_vi` text NOT NULL,
  `ten_cn` varchar(255) NOT NULL,
  `mota_cn` text NOT NULL,
  PRIMARY KEY (`id`)
) ENGINE=MyISAM  DEFAULT CHARSET=utf8 AUTO_INCREMENT=48 ;

--
-- Contenu de la table `table_video`
--

INSERT INTO `table_video` (`id`, `noibat`, `type`, `photo`, `thumb`, `video`, `ten_vi`, `tenkhongdau`, `links`, `title`, `keywords`, `description`, `ten_en`, `stt`, `hienthi`, `ngaytao`, `ngaysua`, `luotxem`, `mota_en`, `mota_vi`, `ten_cn`, `mota_cn`) VALUES
(44, 0, 'video', 'nhungluuydeconhungbucanhcuoideptuyetvoi-1083.jpg', 'nhungluuydeconhungbucanhcuoideptuyetvoi-1083_300x300.jpg', '', 'Way Back Home - That Girl ', 'way-back-home-that-girl', 'https://www.youtube.com/watch?v=rynMyM9CRTY', '', '', '', '', 1, 1, 1535799929, 1535799950, 0, '', '', '', ''),
(45, 0, 'video', 'tai-xuong-4038.jpg', 'tai-xuong-4038_300x300.jpg', '', 'Tâm sự tuổi 30', 'tam-su-tuoi-30', 'https://www.youtube.com/watch?v=pwCaaico9M8', '', '', '', '', 1, 1, 1535800001, 1535821042, 0, '', '<p><span style="color: rgb(17, 17, 17); font-family: Roboto, Arial, sans-serif; font-size: 14px; white-space: pre-wrap;">Tâm Sự Tuổi 30 Lyric: Từng ngày mệt nhoài, muộn phiền trôi qua Giật mình nhìn lại thấy anh đã già Lâu rồi cũng chẳng biết nhớ nhung yêu thương một người Rồi bỗng một ngày như trở về tuổi 20 Là khi anh thấy ánh mắt và nụ cười Em làm con tim anh trở nên hoang mang loạn nhịp Liên hồi, lại sợ em sẽ từ chối Nên anh mới viết ra tâm tư lòng này Là ...</span></p>\r\n', '', ''),
(46, 0, 'video', '', '', '', 'Video 1', 'video-1', 'https://www.youtube.com/watch?v=eSGHdMaOt-k', '', '', '', '', 1, 1, 1542810248, 0, 0, '', '', '', ''),
(47, 0, 'video', '', '', '', 'video 2', 'video-2', 'https://www.youtube.com/watch?v=4EDqYvrB9TI', '', '', '', '', 1, 1, 1542810266, 0, 0, '', '', '', '');

-- --------------------------------------------------------

--
-- Structure de la table `table_yahoo`
--

CREATE TABLE IF NOT EXISTS `table_yahoo` (
  `id` int(10) unsigned NOT NULL AUTO_INCREMENT,
  `ten` varchar(30) COLLATE utf8_unicode_ci NOT NULL,
  `yahoo` varchar(30) COLLATE utf8_unicode_ci NOT NULL,
  `skype` varchar(255) CHARACTER SET latin1 COLLATE latin1_general_ci NOT NULL,
  `dienthoai` varchar(30) COLLATE utf8_unicode_ci NOT NULL,
  `email` varchar(255) CHARACTER SET latin1 COLLATE latin1_general_ci NOT NULL,
  `stt` int(3) NOT NULL,
  `hienthi` int(2) NOT NULL,
  `ngaytao` int(10) NOT NULL,
  `ngaysua` int(10) NOT NULL,
  PRIMARY KEY (`id`)
) ENGINE=MyISAM  DEFAULT CHARSET=utf8 COLLATE=utf8_unicode_ci AUTO_INCREMENT=15 ;

--
-- Contenu de la table `table_yahoo`
--

INSERT INTO `table_yahoo` (`id`, `ten`, `yahoo`, `skype`, `dienthoai`, `email`, `stt`, `hienthi`, `ngaytao`, `ngaysua`) VALUES
(13, 'Anh Hoạt', 'ctydaithang22', 'ctydaithang22', '0938379009', 'ctydaithang22@gmail.com', 2, 1, 1468738850, 1470624897),
(14, 'Chị Khuyên', 'ctydaithang22', 'ctydaithang22', '01228788999', 'ctydaithang22@gmail.com', 1, 1, 1468739474, 1470758155);

/*!40101 SET CHARACTER_SET_CLIENT=@OLD_CHARACTER_SET_CLIENT */;
/*!40101 SET CHARACTER_SET_RESULTS=@OLD_CHARACTER_SET_RESULTS */;
/*!40101 SET COLLATION_CONNECTION=@OLD_COLLATION_CONNECTION */;
